country,year,gender,population,num_of_incidence,per_of_incidence,incidence_rate,weight_35f,weight_30f,weight_25f,cholesterol_level,diabetes_level,hypertension_level,smoking_level,obesity_level,country_year_gender
Belgium,2000,Male,5012015.0,24704.480129485837,0.0014021653984717,492.90515151063664,1.0579784898997795,1.1393614506613008,1.2207444114228225,5.3,4.02,41.4,,,Belgium_2000_Male
Belgium,2001,Male,5030157.0,25231.79864069681,0.0014200197333437,501.61055888905275,1.0579784898997795,1.1393614506613008,1.2207444114228225,5.2,4.07,41.5,28.6,11.5,Belgium_2001_Male
Belgium,2002,Male,5054585.0,25762.820018283903,0.0014365500922899,509.69209179950286,1.0579784898997795,1.1393614506613008,1.2207444114228225,5.2,4.13,41.6,,,Belgium_2002_Male
Belgium,2003,Male,5077032.0,26244.03317168356,0.0014496747754645,516.9168358931668,1.0579784898997795,1.1393614506613008,1.2207444114228225,5.1,4.2,41.7,,,Belgium_2003_Male
Belgium,2004,Male,5099248.0,26596.80631893129,0.0014548998836634,521.5829141656042,1.0579784898997795,1.1393614506613008,1.2207444114228225,5.1,4.27,41.7,28.0,11.9,Belgium_2004_Male
Belgium,2005,Male,5127575.0,27025.83095889081,0.0014655346810238,527.0684672362825,1.0579784898997795,1.1393614506613008,1.2207444114228225,5.1,4.35,41.6,,,Belgium_2005_Male
Belgium,2006,Male,5162614.0,27358.93341252651,0.0014718150867895,529.9434242522589,1.0579784898997795,1.1393614506613008,1.2207444114228225,5.0,4.44,41.5,,,Belgium_2006_Male
Belgium,2007,Male,5202204.0,27725.545710933988,0.0014745612772404,532.9576793015804,1.0579784898997795,1.1393614506613008,1.2207444114228225,5.0,4.53,41.3,,,Belgium_2007_Male
Belgium,2008,Male,5245828.0,28040.87702651076,0.0014731175154079,534.5367218770947,1.0579784898997795,1.1393614506613008,1.2207444114228225,4.9,4.63,41.1,23.6,13.3,Belgium_2008_Male
Belgium,2009,Male,5290439.0,28269.608811444417,0.0014677640619962,534.3527977818933,1.0579784898997795,1.1393614506613008,1.2207444114228225,4.9,4.74,40.7,,,Belgium_2009_Male
Belgium,2010,Male,5341229.0,28437.70283814427,0.001461781045188,532.4187155829542,1.0579784898997795,1.1393614506613008,1.2207444114228225,4.8,4.85,40.3,,,Belgium_2010_Male
Belgium,2011,Male,5392021.0,27694.45179470756,0.0014132228988264,513.6191382546091,1.0579784898997795,1.1393614506613008,1.2207444114228225,4.8,4.97,39.8,,,Belgium_2011_Male
Belgium,2012,Male,5430643.0,25747.28713454712,0.0013056045880476,474.11120809353736,1.0579784898997795,1.1393614506613008,1.2207444114228225,4.8,5.09,39.1,,,Belgium_2012_Male
Belgium,2013,Male,5460900.0,23147.597063308323,0.001171010452322,423.8787940322716,1.0579784898997795,1.1393614506613008,1.2207444114228225,4.7,5.22,38.4,21.6,13.6,Belgium_2013_Male
Belgium,2014,Male,5489701.0,20612.22303690241,0.0010394678333727,375.47077767809964,1.0579784898997795,1.1393614506613008,1.2207444114228225,4.7,5.35,37.7,,18.1,Belgium_2014_Male
Belgium,2015,Male,5521312.0,19034.422630994155,0.0009582526719463,344.7445576521333,1.0579784898997795,1.1393614506613008,1.2207444114228225,4.6,5.5,36.9,,,Belgium_2015_Male
Belgium,2016,Male,5552769.0,18021.87300749422,0.0009053521814479,324.5565051867676,1.0579784898997795,1.1393614506613008,1.2207444114228225,4.6,5.65,36.1,,,Belgium_2016_Male
Belgium,2017,Male,5582957.0,17186.802716950624,0.0008650208361519,307.84408185394625,1.0579784898997795,1.1393614506613008,1.2207444114228225,4.6,5.8,35.4,,,Belgium_2017_Male
Belgium,2018,Male,5613066.0,16412.17222147141,0.0008281651509058,292.3922900865839,1.0579784898997795,1.1393614506613008,1.2207444114228225,4.5,5.97,34.6,18.9,19.6,Belgium_2018_Male
Chile,2000,Male,7548498.0,16255.472413444646,0.000464150374489,215.3471116167037,1.0579784898997795,1.1393614506613008,1.2207444114228225,4.9,7.63,42.0,,1.6,Chile_2000_Male
Chile,2001,Male,7635895.0,16718.027712377934,0.0004766299509171,218.93998951502,1.0579784898997795,1.1393614506613008,1.2207444114228225,4.9,7.89,42.2,,,Chile_2001_Male
Chile,2002,Male,7720701.0,17130.521534479805,0.0004879276586332,221.87780014379274,1.0579784898997795,1.1393614506613008,1.2207444114228225,4.9,8.15,42.4,,,Chile_2002_Male
Chile,2003,Male,7802261.0,17573.919783448866,0.0005001285106601,225.24137276936605,1.0579784898997795,1.1393614506613008,1.2207444114228225,4.9,8.39,42.5,38.8,19.6,Chile_2003_Male
Chile,2004,Male,7883618.0,18001.458100892956,0.0005116543517192,228.3400603744747,1.0579784898997795,1.1393614506613008,1.2207444114228225,4.9,8.61,42.6,,,Chile_2004_Male
Chile,2005,Male,7963051.0,18329.24551450991,0.0005201543741773,230.17867792771776,1.0579784898997795,1.1393614506613008,1.2207444114228225,4.9,8.82,42.6,,,Chile_2005_Male
Chile,2006,Male,8043964.0,18506.85969534752,0.0005239671224305,230.0713888742854,1.0579784898997795,1.1393614506613008,1.2207444114228225,4.9,9.02,42.6,,5.1,Chile_2006_Male
Chile,2007,Male,8127739.0,18669.96801842243,0.0005265300339954,229.70678584071698,1.0579784898997795,1.1393614506613008,1.2207444114228225,4.8,9.21,42.5,,,Chile_2007_Male
Chile,2008,Male,8216437.0,18499.05913640036,0.0005200776741843,225.14697229955465,1.0579784898997795,1.1393614506613008,1.2207444114228225,4.8,9.4,42.4,,,Chile_2008_Male
Chile,2009,Male,8307013.0,18717.78689309236,0.0005233940754444,225.32511858465082,1.0579784898997795,1.1393614506613008,1.2207444114228225,4.8,9.57,42.2,33.7,19.2,Chile_2009_Male
Chile,2010,Male,8397402.0,19186.119497563443,0.0005333962854311,228.4768491202808,1.0579784898997795,1.1393614506613008,1.2207444114228225,4.8,9.74,41.9,,,Chile_2010_Male
Chile,2011,Male,8491323.0,19624.073305589307,0.0005438113946049,231.10737049561425,1.0579784898997795,1.1393614506613008,1.2207444114228225,4.8,9.9,41.7,,,Chile_2011_Male
Chile,2012,Male,8584706.0,20111.806667953533,0.0005556694968142,234.27484491552227,1.0579784898997795,1.1393614506613008,1.2207444114228225,4.8,10.06,41.3,,,Chile_2012_Male
Chile,2013,Male,8667644.0,20615.840114039005,0.000567355889655,237.8482562740118,1.0579784898997795,1.1393614506613008,1.2207444114228225,4.7,10.2,41.0,,,Chile_2013_Male
Chile,2014,Male,8754428.0,21165.968731446494,0.000580306272538,241.77443382304926,1.0579784898997795,1.1393614506613008,1.2207444114228225,4.7,10.34,40.6,,,Chile_2014_Male
Chile,2015,Male,8845449.0,21675.59646261468,0.0005922303839547,245.0480067503038,1.0579784898997795,1.1393614506613008,1.2207444114228225,4.7,10.48,40.2,,7.9,Chile_2015_Male
Chile,2016,Male,8943482.0,22095.24805204993,0.0006008318853494,247.0542016191225,1.0579784898997795,1.1393614506613008,1.2207444114228225,4.7,10.62,39.9,28.2,30.2,Chile_2016_Male
Chile,2017,Male,9074217.0,22463.59999196,0.0006094980389635,247.5541414973876,1.0579784898997795,1.1393614506613008,1.2207444114228225,4.6,10.75,39.6,,,Chile_2017_Male
Chile,2018,Male,9244484.0,22699.16030140496,0.0006125298085963,245.54275069765887,1.0579784898997795,1.1393614506613008,1.2207444114228225,4.6,10.89,39.3,,,Chile_2018_Male
Colombia,2000,Male,19222139.0,26194.984419211934,0.0002898726593185,136.27507541804758,1.0579784898997795,1.1393614506613008,1.2207444114228225,4.9,7.0,31.5,,,Colombia_2000_Male
Colombia,2001,Male,19475097.0,27083.71647165947,0.000295199442675,139.06845481519025,1.0579784898997795,1.1393614506613008,1.2207444114228225,4.9,7.23,31.7,,,Colombia_2001_Male
Colombia,2002,Male,19719126.0,27824.509034958,0.0002973811494405,141.1041698042702,1.0579784898997795,1.1393614506613008,1.2207444114228225,4.8,7.49,31.9,,,Colombia_2002_Male
Colombia,2003,Male,19956982.0,28605.925459019923,0.000300554364655,143.33793285487718,1.0579784898997795,1.1393614506613008,1.2207444114228225,4.8,7.75,32.0,,,Colombia_2003_Male
Colombia,2004,Male,20192194.0,29230.216892641613,0.0003032158587559,144.759984440728,1.0579784898997795,1.1393614506613008,1.2207444114228225,4.8,8.03,32.2,,,Colombia_2004_Male
Colombia,2005,Male,20430499.0,29972.62383208931,0.0003086546102728,146.70529502039724,1.0579784898997795,1.1393614506613008,1.2207444114228225,4.8,8.32,32.3,,8.8,Colombia_2005_Male
Colombia,2006,Male,20671014.0,30492.44599318386,0.0003133117358386,147.51306342874065,1.0579784898997795,1.1393614506613008,1.2207444114228225,4.8,8.62,32.4,,,Colombia_2006_Male
Colombia,2007,Male,20908400.0,30844.44136118879,0.0003166775659722,147.52176809889227,1.0579784898997795,1.1393614506613008,1.2207444114228225,4.8,8.93,32.5,,,Colombia_2007_Male
Colombia,2008,Male,21140087.0,31136.054939430065,0.0003199949344896,147.28442195829217,1.0579784898997795,1.1393614506613008,1.2207444114228225,4.8,9.24,32.5,23.8,,Colombia_2008_Male
Colombia,2009,Male,21369112.0,31316.202816574598,0.0003215523760676,146.54891984549755,1.0579784898997795,1.1393614506613008,1.2207444114228225,4.8,9.54,32.5,,,Colombia_2009_Male
Colombia,2010,Male,21599338.0,31762.884539669118,0.0003245620820736,147.0548983476675,1.0579784898997795,1.1393614506613008,1.2207444114228225,4.8,9.84,32.5,,11.5,Colombia_2010_Male
Colombia,2011,Male,21826960.0,32049.913577147046,0.0003289075521843,146.8363600663906,1.0579784898997795,1.1393614506613008,1.2207444114228225,4.7,10.12,32.4,,,Colombia_2011_Male
Colombia,2012,Male,22045811.0,32386.18022740575,0.0003318062821791,146.90400923515924,1.0579784898997795,1.1393614506613008,1.2207444114228225,4.7,10.37,32.2,,,Colombia_2012_Male
Colombia,2013,Male,22256199.0,32696.201175458165,0.0003348613905943,146.90828912636056,1.0579784898997795,1.1393614506613008,1.2207444114228225,4.7,10.59,32.1,18.8,,Colombia_2013_Male
Colombia,2014,Male,22464054.0,33190.86061664785,0.0003398123783793,147.75098304450233,1.0579784898997795,1.1393614506613008,1.2207444114228225,4.7,10.79,31.9,,,Colombia_2014_Male
Colombia,2015,Male,22677848.0,33714.5376466267,0.0003441108728729,148.66727057446852,1.0579784898997795,1.1393614506613008,1.2207444114228225,4.7,10.96,31.7,,14.4,Colombia_2015_Male
Colombia,2016,Male,22918130.0,34207.74838733589,0.0003467676465165,149.2606438105373,1.0579784898997795,1.1393614506613008,1.2207444114228225,4.7,11.13,31.5,,,Colombia_2016_Male
Colombia,2017,Male,23196961.0,34841.237279177294,0.000356760909812,150.19742146041153,1.0579784898997795,1.1393614506613008,1.2207444114228225,4.7,11.3,31.4,,,Colombia_2017_Male
Colombia,2018,Male,23573287.0,35424.7995195846,0.0003634695212002,150.2751802053935,1.0579784898997795,1.1393614506613008,1.2207444114228225,4.6,11.46,31.2,,,Colombia_2018_Male
Czechia,2000,Male,4999326.0,29205.577742609,0.001955949863631,584.1903037051194,1.0579784898997795,1.1393614506613008,1.2207444114228225,5.4,6.38,47.9,,14.0,Czechia_2000_Male
Czechia,2001,Male,4978951.0,29389.01563646353,0.0019669349199398,590.2652112154453,1.0579784898997795,1.1393614506613008,1.2207444114228225,5.3,6.47,47.9,,,Czechia_2001_Male
Czechia,2002,Male,4964598.0,29346.331362214038,0.0019614196266713,591.1119361973323,1.0579784898997795,1.1393614506613008,1.2207444114228225,5.3,6.56,48.1,30.9,13.4,Czechia_2002_Male
Czechia,2003,Male,4968189.0,29253.416829592585,0.0019483874248826,588.8144921538328,1.0579784898997795,1.1393614506613008,1.2207444114228225,5.3,6.66,48.2,32.2,,Czechia_2003_Male
Czechia,2004,Male,4971730.0,29002.49183176564,0.0019228787420614,583.3480867176141,1.0579784898997795,1.1393614506613008,1.2207444114228225,5.2,6.77,48.4,31.1,,Czechia_2004_Male
Czechia,2005,Male,4991439.0,28957.74568386588,0.0019146960558849,580.148243499838,1.0579784898997795,1.1393614506613008,1.2207444114228225,5.2,6.89,48.6,29.8,18.0,Czechia_2005_Male
Czechia,2006,Male,5013040.0,28958.56677474822,0.0019065957795092,577.6647857337707,1.0579784898997795,1.1393614506613008,1.2207444114228225,5.2,7.01,48.8,27.7,,Czechia_2006_Male
Czechia,2007,Male,5048101.0,28895.07945200431,0.0018916100957571,572.3950343308169,1.0579784898997795,1.1393614506613008,1.2207444114228225,5.2,7.14,49.0,29.6,,Czechia_2007_Male
Czechia,2008,Male,5113332.0,28816.21443028625,0.0018745066281362,563.5506247254481,1.0579784898997795,1.1393614506613008,1.2207444114228225,5.1,7.26,49.2,24.9,23.0,Czechia_2008_Male
Czechia,2009,Male,5150509.0,28625.2790486068,0.0018511595580184,555.7757310705952,1.0579784898997795,1.1393614506613008,1.2207444114228225,5.1,7.39,49.3,29.7,,Czechia_2009_Male
Czechia,2010,Male,5160782.0,28344.707637938835,0.0018242532184519,549.2328030507554,1.0579784898997795,1.1393614506613008,1.2207444114228225,5.1,7.52,49.4,29.3,21.0,Czechia_2010_Male
Czechia,2011,Male,5153009.0,27991.23779315374,0.0017950064366526,543.2018029301664,1.0579784898997795,1.1393614506613008,1.2207444114228225,5.1,7.64,49.4,24.7,,Czechia_2011_Male
Czechia,2012,Male,5160913.0,27509.86506942966,0.0017591849190132,533.0426044661024,1.0579784898997795,1.1393614506613008,1.2207444114228225,5.1,7.76,49.4,26.3,,Czechia_2012_Male
Czechia,2013,Male,5161617.0,26984.04093045852,0.0017201071971528,522.782704149853,1.0579784898997795,1.1393614506613008,1.2207444114228225,5.0,7.88,49.4,27.2,,Czechia_2013_Male
Czechia,2014,Male,5169146.0,26415.392789727863,0.0016804806230862,511.0204430234291,1.0579784898997795,1.1393614506613008,1.2207444114228225,5.0,8.0,49.4,26.4,19.3,Czechia_2014_Male
Czechia,2015,Male,5180242.0,25933.564821801232,0.0016491680874644,500.62458128020336,1.0579784898997795,1.1393614506613008,1.2207444114228225,5.0,8.13,49.3,21.8,,Czechia_2015_Male
Czechia,2016,Male,5193012.0,25367.949309179257,0.0016135367195123,488.501650086294,1.0579784898997795,1.1393614506613008,1.2207444114228225,5.0,8.27,49.3,23.8,,Czechia_2016_Male
Czechia,2017,Male,5207575.0,24815.448735466554,0.0015817157944073,476.525997906253,1.0579784898997795,1.1393614506613008,1.2207444114228225,5.0,8.41,49.2,22.6,,Czechia_2017_Male
Czechia,2018,Male,5230373.0,24170.40207081501,0.0015437142153735,462.116221363467,1.0579784898997795,1.1393614506613008,1.2207444114228225,5.0,8.57,49.2,24.5,,Czechia_2018_Male
Denmark,2000,Male,2637878.0,9235.037439081769,0.0010129235553973,350.0934250591486,1.0579784898997795,1.1393614506613008,1.2207444114228225,5.4,3.64,47.3,32.0,9.8,Denmark_2000_Male
Denmark,2001,Male,2647249.0,9018.56506531379,0.0009857765005797,340.67687117130987,1.0579784898997795,1.1393614506613008,1.2207444114228225,5.3,3.66,47.6,33.5,,Denmark_2001_Male
Denmark,2002,Male,2657341.0,8808.181607829581,0.0009616199875585,331.46598828790064,1.0579784898997795,1.1393614506613008,1.2207444114228225,5.3,3.68,47.9,30.5,,Denmark_2002_Male
Denmark,2003,Male,2664526.0,8584.448296816734,0.0009362032264394,322.175437463051,1.0579784898997795,1.1393614506613008,1.2207444114228225,5.2,3.69,48.1,31.0,,Denmark_2003_Male
Denmark,2004,Male,2671907.0,8375.10681579962,0.0009132001944957,313.450536107717,1.0579784898997795,1.1393614506613008,1.2207444114228225,5.2,3.69,48.4,29.0,,Denmark_2004_Male
Denmark,2005,Male,2679857.0,8181.7321257125295,0.0008882080489531,305.30480267090854,1.0579784898997795,1.1393614506613008,1.2207444114228225,5.2,3.69,48.5,28.0,11.0,Denmark_2005_Male
Denmark,2006,Male,2690179.0,8025.047009367645,0.0008664820321933,298.309034802801,1.0579784898997795,1.1393614506613008,1.2207444114228225,5.1,3.67,48.6,26.0,,Denmark_2006_Male
Denmark,2007,Male,2702894.0,7848.551299816887,0.0008401758649881,290.37584529089514,1.0579784898997795,1.1393614506613008,1.2207444114228225,5.1,3.65,48.6,28.0,,Denmark_2007_Male
Denmark,2008,Male,2720016.0,7709.11790213233,0.0008179444169103,283.4217850973057,1.0579784898997795,1.1393614506613008,1.2207444114228225,5.0,3.62,48.5,24.0,,Denmark_2008_Male
Denmark,2009,Male,2735983.0,7551.212535814554,0.0007950855399116,275.9963251165871,1.0579784898997795,1.1393614506613008,1.2207444114228225,5.0,3.57,48.3,22.0,,Denmark_2009_Male
Denmark,2010,Male,2748185.0,7436.493744588466,0.0007786198780764,270.59654807039794,1.0579784898997795,1.1393614506613008,1.2207444114228225,5.0,3.52,48.1,22.7,13.7,Denmark_2010_Male
Denmark,2011,Male,2760140.0,7335.950821145334,0.0007628208236268,265.7818379192843,1.0579784898997795,1.1393614506613008,1.2207444114228225,4.9,3.47,47.7,,,Denmark_2011_Male
Denmark,2012,Male,2771208.0,7233.882332239502,0.0007489245668129,261.037148140432,1.0579784898997795,1.1393614506613008,1.2207444114228225,4.9,3.4,47.2,,,Denmark_2012_Male
Denmark,2013,Male,2782661.0,7127.3685974123,0.0007337238674178,256.1349944320311,1.0579784898997795,1.1393614506613008,1.2207444114228225,4.9,3.34,46.7,18.6,14.3,Denmark_2013_Male
Denmark,2014,Male,2799895.0,7014.5738218382,0.0007180010219792,250.52988850789762,1.0579784898997795,1.1393614506613008,1.2207444114228225,4.8,3.27,46.1,,14.1,Denmark_2014_Male
Denmark,2015,Male,2822535.0,6936.600301440222,0.0007046297667649,245.75781350595202,1.0579784898997795,1.1393614506613008,1.2207444114228225,4.8,3.2,45.6,,,Denmark_2015_Male
Denmark,2016,Male,2848030.0,6818.045747173346,0.0006895942974307,239.3951519883339,1.0579784898997795,1.1393614506613008,1.2207444114228225,4.7,3.12,45.0,,,Denmark_2016_Male
Denmark,2017,Male,2866952.0,6672.302649994936,0.0006731503430904,232.731578693851,1.0579784898997795,1.1393614506613008,1.2207444114228225,4.7,3.05,44.4,18.5,17.1,Denmark_2017_Male
Denmark,2018,Male,2881620.0,6530.815792042106,0.00065783734789,226.63695393709463,1.0579784898997795,1.1393614506613008,1.2207444114228225,4.7,2.98,43.8,,,Denmark_2018_Male
Finland,2000,Male,2526181.0,13827.854396726476,0.0015676760633089,547.381774968875,1.0579784898997795,1.1393614506613008,1.2207444114228225,5.3,5.37,47.1,27.3,20.9,Finland_2000_Male
Finland,2001,Male,2533468.0,14357.21389758963,0.0016213421934051,566.702002851018,1.0579784898997795,1.1393614506613008,1.2207444114228225,5.2,5.47,46.6,28.2,12.8,Finland_2001_Male
Finland,2002,Male,2541257.0,14934.844749980566,0.0016802897038651,587.6951740804085,1.0579784898997795,1.1393614506613008,1.2207444114228225,5.2,5.59,46.3,27.5,12.0,Finland_2002_Male
Finland,2003,Male,2548904.0,15580.252619971032,0.0017462752000713,611.2530177665001,1.0579784898997795,1.1393614506613008,1.2207444114228225,5.2,5.72,46.0,25.7,14.0,Finland_2003_Male
Finland,2004,Male,2557488.0,16160.306422066618,0.0018037174009623,631.8820038282338,1.0579784898997795,1.1393614506613008,1.2207444114228225,5.1,5.85,45.7,27.1,14.0,Finland_2004_Male
Finland,2005,Male,2567214.0,16698.639249108695,0.0018555109003539,650.457626403903,1.0579784898997795,1.1393614506613008,1.2207444114228225,5.1,5.99,45.4,26.0,14.9,Finland_2005_Male
Finland,2006,Male,2578043.0,17023.84820369128,0.0018822857959546,660.3399634409232,1.0579784898997795,1.1393614506613008,1.2207444114228225,5.1,6.13,45.1,24.4,14.6,Finland_2006_Male
Finland,2007,Male,2590268.0,16931.71712514824,0.001863126085755,653.666613846453,1.0579784898997795,1.1393614506613008,1.2207444114228225,5.1,6.26,44.9,25.8,18.6,Finland_2007_Male
Finland,2008,Male,2604221.0,16652.900789076473,0.0018233456999321,639.4580486478096,1.0579784898997795,1.1393614506613008,1.2207444114228225,5.0,6.4,44.7,24.0,15.4,Finland_2008_Male
Finland,2009,Male,2618355.0,16294.78786215898,0.0017754478279832,622.3292052513498,1.0579784898997795,1.1393614506613008,1.2207444114228225,5.0,6.52,44.4,21.9,16.1,Finland_2009_Male
Finland,2010,Male,2631737.0,15944.66111955967,0.0017293247412518,605.8607345475506,1.0579784898997795,1.1393614506613008,1.2207444114228225,5.0,6.64,44.1,23.2,15.7,Finland_2010_Male
Finland,2011,Male,2645473.0,15686.764118287603,0.0016934779145137,592.966328451948,1.0579784898997795,1.1393614506613008,1.2207444114228225,5.0,6.75,43.8,21.9,23.8,Finland_2011_Male
Finland,2012,Male,2659576.0,15293.267436124464,0.0016443675946701,575.0265243830017,1.0579784898997795,1.1393614506613008,1.2207444114228225,5.0,6.87,43.5,20.9,21.5,Finland_2012_Male
Finland,2013,Male,2673497.0,14842.320012497588,0.001591067358792,555.1650146791857,1.0579784898997795,1.1393614506613008,1.2207444114228225,5.0,6.99,43.1,19.1,17.4,Finland_2013_Male
Finland,2014,Male,2686110.0,14380.063918049082,0.0015379340102346,535.3490332878804,1.0579784898997795,1.1393614506613008,1.2207444114228225,4.9,7.13,42.7,17.2,18.9,Finland_2014_Male
Finland,2015,Male,2696676.0,13911.79972764888,0.0014869841749096,515.8869559282939,1.0579784898997795,1.1393614506613008,1.2207444114228225,4.9,7.27,42.4,18.8,18.7,Finland_2015_Male
Finland,2016,Male,2706905.0,13408.863182178848,0.0014332977738905,495.3577307729251,1.0579784898997795,1.1393614506613008,1.2207444114228225,4.9,7.41,42.0,16.2,21.0,Finland_2016_Male
Finland,2017,Male,2715727.0,12681.042979010894,0.0013611966555831,466.9483706945099,1.0579784898997795,1.1393614506613008,1.2207444114228225,4.9,7.55,41.7,14.6,26.1,Finland_2017_Male
Finland,2018,Male,2721212.0,11986.70379512688,0.0012951722432803,440.4913617581754,1.0579784898997795,1.1393614506613008,1.2207444114228225,4.9,7.7,41.4,15.2,21.0,Finland_2018_Male
Japan,2000,Male,62110764.0,128602.4272815056,0.0005166332007753,207.05336563160873,1.0579784898997795,1.1393614506613008,1.2207444114228225,5.0,7.15,39.7,47.4,2.3,Japan_2000_Male
Japan,2001,Male,62244000.0,136582.16122151443,0.0005484561589337,219.43024423480887,1.0579784898997795,1.1393614506613008,1.2207444114228225,5.0,7.12,39.6,45.9,2.9,Japan_2001_Male
Japan,2002,Male,62252000.0,151014.9854236727,0.0006063206638836,242.58656014854574,1.0579784898997795,1.1393614506613008,1.2207444114228225,5.0,7.11,39.5,43.3,3.4,Japan_2002_Male
Japan,2003,Male,62304000.0,168093.46299644787,0.00067505751093,269.79561985819186,1.0579784898997795,1.1393614506613008,1.2207444114228225,5.0,7.09,39.5,46.8,2.6,Japan_2003_Male
Japan,2004,Male,62295000.0,183350.02720279957,0.0007370069795539,294.32543093795584,1.0579784898997795,1.1393614506613008,1.2207444114228225,5.0,7.07,39.6,43.3,2.8,Japan_2004_Male
Japan,2005,Male,62348977.0,192822.78639023544,0.0007759608311472,309.2637532613172,1.0579784898997795,1.1393614506613008,1.2207444114228225,5.0,7.06,39.6,39.3,3.4,Japan_2005_Male
Japan,2006,Male,62386887.0,196945.0824951015,0.0007934223974744,315.68345844071604,1.0579784898997795,1.1393614506613008,1.2207444114228225,5.0,7.05,39.7,39.9,3.4,Japan_2006_Male
Japan,2007,Male,62424374.0,201317.2055909443,0.000811306574222,322.4977563907077,1.0579784898997795,1.1393614506613008,1.2207444114228225,5.0,7.04,39.8,39.4,3.4,Japan_2007_Male
Japan,2008,Male,62422307.0,205266.6100717742,0.0008275059240078,328.83534738915404,1.0579784898997795,1.1393614506613008,1.2207444114228225,5.0,7.05,39.9,36.8,3.4,Japan_2008_Male
Japan,2009,Male,62357870.0,208553.24759464455,0.0008416915940959,334.4457525483865,1.0579784898997795,1.1393614506613008,1.2207444114228225,5.0,7.06,39.9,38.2,4.3,Japan_2009_Male
Japan,2010,Male,62327737.0,211714.3436367242,0.0008558705972967,339.6791762818602,1.0579784898997795,1.1393614506613008,1.2207444114228225,5.0,7.08,40.0,32.2,3.8,Japan_2010_Male
Japan,2011,Male,62207414.0,214081.53479241495,0.0008683194861437,344.1415114803116,1.0579784898997795,1.1393614506613008,1.2207444114228225,5.0,7.11,40.0,32.4,4.6,Japan_2011_Male
Japan,2012,Male,62079707.0,216527.36241648733,0.0008833104735495,348.78927894503,1.0579784898997795,1.1393614506613008,1.2207444114228225,5.0,7.16,40.0,34.1,3.8,Japan_2012_Male
Japan,2013,Male,61984824.0,218310.52878381475,0.0008962072336333,352.1999655654661,1.0579784898997795,1.1393614506613008,1.2207444114228225,5.0,7.22,40.0,32.2,4.1,Japan_2013_Male
Japan,2014,Male,61900761.0,219793.5169910193,0.0009076754255726,355.0740143421166,1.0579784898997795,1.1393614506613008,1.2207444114228225,5.0,7.31,40.0,32.2,4.0,Japan_2014_Male
Japan,2015,Male,61841738.0,221067.18758173543,0.000916736629982,357.47246880696565,1.0579784898997795,1.1393614506613008,1.2207444114228225,5.0,7.42,40.0,30.1,4.4,Japan_2015_Male
Japan,2016,Male,61816057.0,221155.54961811917,0.000922249180945,357.7639214648051,1.0579784898997795,1.1393614506613008,1.2207444114228225,5.0,7.54,40.1,30.2,4.5,Japan_2016_Male
Japan,2017,Male,61753403.0,220978.23835415771,0.0009280650118517,357.83977500666276,1.0579784898997795,1.1393614506613008,1.2207444114228225,5.0,7.67,40.2,29.4,4.7,Japan_2017_Male
Japan,2018,Male,61672678.0,220152.6078844068,0.0009324465749388,356.96943123567104,1.0579784898997795,1.1393614506613008,1.2207444114228225,5.0,7.82,40.2,29.0,4.3,Japan_2018_Male
Norway,2000,Male,2224225.0,10324.027708719806,0.0012131980112912,464.1629200606866,1.0579784898997795,1.1393614506613008,1.2207444114228225,5.5,5.56,42.6,31.0,,Norway_2000_Male
Norway,2001,Male,2236615.0,10168.488066078437,0.0011896833741359,454.63739025618787,1.0579784898997795,1.1393614506613008,1.2207444114228225,5.4,5.65,42.3,30.0,,Norway_2001_Male
Norway,2002,Male,2249018.0,9814.686995796932,0.0011459039482312,436.39877474510797,1.0579784898997795,1.1393614506613008,1.2207444114228225,5.4,5.74,42.1,28.0,8.0,Norway_2002_Male
Norway,2003,Male,2262580.0,9374.067709473598,0.0010922814837005,414.3087850804656,1.0579784898997795,1.1393614506613008,1.2207444114228225,5.4,5.83,42.0,27.0,,Norway_2003_Male
Norway,2004,Male,2276559.0,8978.308367847525,0.0010424329264825,394.38065817084146,1.0579784898997795,1.1393614506613008,1.2207444114228225,5.3,5.91,41.7,26.0,,Norway_2004_Male
Norway,2005,Male,2293030.0,8770.358979675699,0.0010121653694406,382.4790334045215,1.0579784898997795,1.1393614506613008,1.2207444114228225,5.3,5.99,41.5,26.0,10.0,Norway_2005_Male
Norway,2006,Male,2313881.0,8701.153948076808,0.0009951842596881,376.04154872600657,1.0579784898997795,1.1393614506613008,1.2207444114228225,5.2,6.06,41.3,24.0,,Norway_2006_Male
Norway,2007,Male,2342742.0,8696.77791267854,0.0009835076180314,371.2221795092477,1.0579784898997795,1.1393614506613008,1.2207444114228225,5.2,6.12,41.0,20.0,,Norway_2007_Male
Norway,2008,Male,2377374.0,8649.712694653956,0.0009655959571834,363.8347476944711,1.0579784898997795,1.1393614506613008,1.2207444114228225,5.2,6.18,40.7,20.0,11.0,Norway_2008_Male
Norway,2009,Male,2410901.0,8556.733357789355,0.0009420084090479,354.91848722902165,1.0579784898997795,1.1393614506613008,1.2207444114228225,5.1,6.22,40.3,21.0,,Norway_2009_Male
Norway,2010,Male,2443802.0,8520.257829900102,0.0009243508513972,348.64763306929535,1.0579784898997795,1.1393614506613008,1.2207444114228225,5.1,6.26,39.9,19.0,,Norway_2010_Male
Norway,2011,Male,2479860.0,8351.554969056042,0.0008931747458964,336.7752602588873,1.0579784898997795,1.1393614506613008,1.2207444114228225,5.1,6.29,39.5,16.0,,Norway_2011_Male
Norway,2012,Male,2517388.0,8149.181252469481,0.0008608893166751,323.715742367465,1.0579784898997795,1.1393614506613008,1.2207444114228225,5.0,6.31,39.0,16.0,11.0,Norway_2012_Male
Norway,2013,Male,2551677.0,7829.602228880926,0.0008170916452673,306.8414312971793,1.0579784898997795,1.1393614506613008,1.2207444114228225,5.0,6.34,38.4,15.0,,Norway_2013_Male
Norway,2014,Male,2583126.0,7583.055748507804,0.0007819481652103,293.5612025316537,1.0579784898997795,1.1393614506613008,1.2207444114228225,5.0,6.36,37.9,14.0,,Norway_2014_Male
Norway,2015,Male,2611973.0,7348.325468931003,0.0007501387818527,281.3323671006938,1.0579784898997795,1.1393614506613008,1.2207444114228225,5.0,6.39,37.3,14.0,13.0,Norway_2015_Male
Norway,2016,Male,2637122.0,7162.563498365631,0.0007260467327661,271.60531436792195,1.0579784898997795,1.1393614506613008,1.2207444114228225,4.9,6.42,36.8,13.0,,Norway_2016_Male
Norway,2017,Male,2658745.0,6995.031728749794,0.0007066705389741,263.09524714667236,1.0579784898997795,1.1393614506613008,1.2207444114228225,4.9,6.45,36.3,12.0,,Norway_2017_Male
Norway,2018,Male,2676723.0,6819.182539791907,0.0006881085199492,254.7586186464534,1.0579784898997795,1.1393614506613008,1.2207444114228225,4.9,6.48,35.8,12.0,,Norway_2018_Male
Slovak Republic,2000,Male,2625691.0,,,,1.0579784898997795,1.1393614506613008,1.2207444114228225,,,,,,Slovak Republic_2000_Male
Slovak Republic,2001,Male,2612684.0,,,,1.0579784898997795,1.1393614506613008,1.2207444114228225,,,,,,Slovak Republic_2001_Male
Slovak Republic,2002,Male,2611452.0,,,,1.0579784898997795,1.1393614506613008,1.2207444114228225,,,,,,Slovak Republic_2002_Male
Slovak Republic,2003,Male,2610872.0,,,,1.0579784898997795,1.1393614506613008,1.2207444114228225,,,,32.8,15.2,Slovak Republic_2003_Male
Slovak Republic,2004,Male,2612313.0,,,,1.0579784898997795,1.1393614506613008,1.2207444114228225,,,,,17.1,Slovak Republic_2004_Male
Slovak Republic,2005,Male,2614912.0,,,,1.0579784898997795,1.1393614506613008,1.2207444114228225,,,,,16.8,Slovak Republic_2005_Male
Slovak Republic,2006,Male,2616924.0,,,,1.0579784898997795,1.1393614506613008,1.2207444114228225,,,,,,Slovak Republic_2006_Male
Slovak Republic,2007,Male,2621095.0,,,,1.0579784898997795,1.1393614506613008,1.2207444114228225,,,,,,Slovak Republic_2007_Male
Slovak Republic,2008,Male,2626895.0,,,,1.0579784898997795,1.1393614506613008,1.2207444114228225,,,,,17.1,Slovak Republic_2008_Male
Slovak Republic,2009,Male,2633428.0,,,,1.0579784898997795,1.1393614506613008,1.2207444114228225,,,,27.1,14.5,Slovak Republic_2009_Male
Slovak Republic,2010,Male,2639896.0,,,,1.0579784898997795,1.1393614506613008,1.2207444114228225,,,,,,Slovak Republic_2010_Male
Slovak Republic,2011,Male,2628462.5,,,,1.0579784898997795,1.1393614506613008,1.2207444114228225,,,,,,Slovak Republic_2011_Male
Slovak Republic,2012,Male,2633865.5,,,,1.0579784898997795,1.1393614506613008,1.2207444114228225,,,,,,Slovak Republic_2012_Male
Slovak Republic,2013,Male,2637519.5,,,,1.0579784898997795,1.1393614506613008,1.2207444114228225,,,,,,Slovak Republic_2013_Male
Slovak Republic,2014,Male,2640694.0,,,,1.0579784898997795,1.1393614506613008,1.2207444114228225,,,,30.4,15.9,Slovak Republic_2014_Male
Slovak Republic,2015,Male,2644205.0,,,,1.0579784898997795,1.1393614506613008,1.2207444114228225,,,,,,Slovak Republic_2015_Male
Slovak Republic,2016,Male,2648883.0,,,,1.0579784898997795,1.1393614506613008,1.2207444114228225,,,,,,Slovak Republic_2016_Male
Slovak Republic,2017,Male,2654099.0,,,,1.0579784898997795,1.1393614506613008,1.2207444114228225,,,,,,Slovak Republic_2017_Male
Slovak Republic,2018,Male,2658795.5,,,,1.0579784898997795,1.1393614506613008,1.2207444114228225,,,,,,Slovak Republic_2018_Male
Slovenia,2000,Male,972581.0,4207.000107191519,0.0013932141665832,432.5603838848918,1.0579784898997795,1.1393614506613008,1.2207444114228225,5.2,6.53,47.9,,,Slovenia_2000_Male
Slovenia,2001,Male,973711.0,4238.971728825101,0.0014020157099028,435.341875446113,1.0579784898997795,1.1393614506613008,1.2207444114228225,5.2,6.65,47.9,,,Slovenia_2001_Male
Slovenia,2002,Male,976111.0,4281.480742280467,0.0014128600296194,438.6264207944042,1.0579784898997795,1.1393614506613008,1.2207444114228225,5.2,6.78,48.1,,,Slovenia_2002_Male
Slovenia,2003,Male,977436.0,4327.141144276002,0.0014243187647374,442.7032710352393,1.0579784898997795,1.1393614506613008,1.2207444114228225,5.2,6.93,48.2,,,Slovenia_2003_Male
Slovenia,2004,Male,977092.0,4363.2530109688105,0.0014328324591768,446.55498263917934,1.0579784898997795,1.1393614506613008,1.2207444114228225,5.2,7.09,48.4,,,Slovenia_2004_Male
Slovenia,2005,Male,980070.0,4411.469972774027,0.0014448091827878,450.11784594712896,1.0579784898997795,1.1393614506613008,1.2207444114228225,5.1,7.26,48.6,,,Slovenia_2005_Male
Slovenia,2006,Male,985876.0,4443.408803870148,0.0014497728413875,450.7066612708037,1.0579784898997795,1.1393614506613008,1.2207444114228225,5.1,7.44,48.8,,,Slovenia_2006_Male
Slovenia,2007,Male,995125.0,4477.802673187923,0.0014522278306871,449.97389003270166,1.0579784898997795,1.1393614506613008,1.2207444114228225,5.1,7.64,48.9,22.4,17.0,Slovenia_2007_Male
Slovenia,2008,Male,996969.0,4499.777318508335,0.001448538423979,451.34576085197585,1.0579784898997795,1.1393614506613008,1.2207444114228225,5.1,7.85,49.1,,,Slovenia_2008_Male
Slovenia,2009,Male,1011767.0,4511.520737385885,0.0014424071188496,445.9051083288825,1.0579784898997795,1.1393614506613008,1.2207444114228225,5.1,8.07,49.2,,,Slovenia_2009_Male
Slovenia,2010,Male,1014716.0,4511.992549570799,0.0014347730492861,444.6557016515753,1.0579784898997795,1.1393614506613008,1.2207444114228225,5.1,8.3,49.3,,,Slovenia_2010_Male
Slovenia,2011,Male,1015430.0,4505.13578591892,0.0014291726033967,443.66778467436654,1.0579784898997795,1.1393614506613008,1.2207444114228225,5.1,8.55,49.4,,,Slovenia_2011_Male
Slovenia,2012,Male,1017414.0,4489.167012783573,0.0014246442116902,441.2330686213845,1.0579784898997795,1.1393614506613008,1.2207444114228225,5.0,8.8,49.4,,,Slovenia_2012_Male
Slovenia,2013,Male,1019658.0,4449.829612986146,0.0014150285471598,436.4041289320679,1.0579784898997795,1.1393614506613008,1.2207444114228225,5.0,9.07,49.4,,,Slovenia_2013_Male
Slovenia,2014,Male,1021419.0,4395.114956951167,0.0014010979564219,430.29500694143803,1.0579784898997795,1.1393614506613008,1.2207444114228225,5.0,9.34,49.5,21.8,21.0,Slovenia_2014_Male
Slovenia,2015,Male,1022554.0,4317.876916447098,0.0013794993496645,422.2639505050195,1.0579784898997795,1.1393614506613008,1.2207444114228225,5.0,9.64,49.5,,,Slovenia_2015_Male
Slovenia,2016,Male,1023872.0,4175.224266517067,0.0013361875924735,407.7877182418375,1.0579784898997795,1.1393614506613008,1.2207444114228225,5.0,9.95,49.5,,,Slovenia_2016_Male
Slovenia,2017,Male,1025973.0,3978.737580816326,0.0012775961617616,387.80139251386987,1.0579784898997795,1.1393614506613008,1.2207444114228225,5.0,10.27,49.6,,,Slovenia_2017_Male
Slovenia,2018,Male,1030234.0,3757.824359655352,0.0012075908121232,364.7544499264587,1.0579784898997795,1.1393614506613008,1.2207444114228225,5.0,10.61,49.6,,,Slovenia_2018_Male
Sweden,2000,Male,4386438.0,24306.184819100523,0.0016141609788775,554.1212441416138,1.0579784898997795,1.1393614506613008,1.2207444114228225,5.3,4.78,43.1,16.8,9.3,Sweden_2000_Male
Sweden,2001,Male,4400598.0,24226.333945761024,0.0016040979626478,550.5236775947502,1.0579784898997795,1.1393614506613008,1.2207444114228225,5.2,4.88,43.2,17.9,9.3,Sweden_2001_Male
Sweden,2002,Male,4417777.0,24025.66499747922,0.0015840362623633,543.840601222724,1.0579784898997795,1.1393614506613008,1.2207444114228225,5.2,4.99,43.2,18.8,11.0,Sweden_2002_Male
Sweden,2003,Male,4436883.0,23731.13700519281,0.0015561422791034,534.8605542492963,1.0579784898997795,1.1393614506613008,1.2207444114228225,5.2,5.09,43.2,17.8,10.2,Sweden_2003_Male
Sweden,2004,Male,4456483.0,23487.50424032565,0.0015296653508701,527.0412619172035,1.0579784898997795,1.1393614506613008,1.2207444114228225,5.1,5.19,43.1,16.9,10.0,Sweden_2004_Male
Sweden,2005,Male,4476428.0,23405.02320002657,0.0015096412904371,522.8504334265305,1.0579784898997795,1.1393614506613008,1.2207444114228225,5.1,5.29,43.0,17.6,11.4,Sweden_2005_Male
Sweden,2006,Male,4505038.0,23120.12021700756,0.0014767951023021,513.2058867651629,1.0579784898997795,1.1393614506613008,1.2207444114228225,5.1,5.38,42.9,16.3,10.3,Sweden_2006_Male
Sweden,2007,Male,4543722.0,22760.030484767307,0.0014359379958721,500.9115981296238,1.0579784898997795,1.1393614506613008,1.2207444114228225,5.0,5.46,42.6,14.9,10.8,Sweden_2007_Male
Sweden,2008,Male,4583818.0,22241.769987149084,0.0013868919826931,485.22367134011614,1.0579784898997795,1.1393614506613008,1.2207444114228225,5.0,5.54,42.4,16.3,10.6,Sweden_2008_Male
Sweden,2009,Male,4626361.0,21730.20689626565,0.0013371187237673,469.7040913207086,1.0579784898997795,1.1393614506613008,1.2207444114228225,5.0,5.61,42.0,14.6,11.3,Sweden_2009_Male
Sweden,2010,Male,4669632.0,21198.89772659828,0.0012872446605539,453.9736263285475,1.0579784898997795,1.1393614506613008,1.2207444114228225,5.0,5.66,41.5,14.7,12.0,Sweden_2010_Male
Sweden,2011,Male,4708541.0,20667.246782494374,0.0012416236811301,438.9310145646894,1.0579784898997795,1.1393614506613008,1.2207444114228225,4.9,5.71,41.0,13.9,11.6,Sweden_2011_Male
Sweden,2012,Male,4746369.0,20110.968404464213,0.0011922347958877,423.7127034258022,1.0579784898997795,1.1393614506613008,1.2207444114228225,4.9,5.75,40.4,12.4,11.7,Sweden_2012_Male
Sweden,2013,Male,4790129.0,19462.370635325624,0.001141286185091,406.30159720804227,1.0579784898997795,1.1393614506613008,1.2207444114228225,4.9,5.79,39.7,9.8,12.1,Sweden_2013_Male
Sweden,2014,Male,4843294.0,18890.78355086831,0.0010944019346944,390.03999242805224,1.0579784898997795,1.1393614506613008,1.2207444114228225,4.9,5.83,39.0,11.7,12.3,Sweden_2014_Male
Sweden,2015,Male,4901601.0,18565.92187260861,0.0010606807582593,378.77260659544936,1.0579784898997795,1.1393614506613008,1.2207444114228225,4.9,5.87,38.3,11.7,12.3,Sweden_2015_Male
Sweden,2016,Male,4972160.0,18316.102802617028,0.0010355304801161,368.3731577949428,1.0579784898997795,1.1393614506613008,1.2207444114228225,4.9,5.91,37.6,10.6,14.2,Sweden_2016_Male
Sweden,2017,Male,5048001.0,18133.956867006586,0.0010165188540157,359.23045314386,1.0579784898997795,1.1393614506613008,1.2207444114228225,4.8,5.96,36.9,10.5,14.0,Sweden_2017_Male
Sweden,2018,Male,5112551.0,17947.179434314115,0.0010015506916918,351.04157267700833,1.0579784898997795,1.1393614506613008,1.2207444114228225,4.8,6.01,36.3,11.0,14.6,Sweden_2018_Male
Greece,2000,Male,5315784.0,26998.29558385735,0.0013715401862914,507.8892517803084,1.0579784898997795,1.1393614506613008,1.2207444114228225,5.2,7.23,40.1,44.0,,Greece_2000_Male
Greece,2001,Male,5355549.0,27303.611230739352,0.0013838504262707,509.8190910164271,1.0579784898997795,1.1393614506613008,1.2207444114228225,5.2,7.38,40.2,,,Greece_2001_Male
Greece,2002,Male,5387914.0,27580.842497230045,0.0013965035142395,511.9020551781273,1.0579784898997795,1.1393614506613008,1.2207444114228225,5.1,7.52,40.4,,,Greece_2002_Male
Greece,2003,Male,5400427.0,27703.289157753672,0.0014068624492793,512.9833096115117,1.0579784898997795,1.1393614506613008,1.2207444114228225,5.1,7.65,40.5,,,Greece_2003_Male
Greece,2004,Male,5412269.0,27717.933018427677,0.0014128509505555,512.1314742195497,1.0579784898997795,1.1393614506613008,1.2207444114228225,5.1,7.78,40.5,46.0,,Greece_2004_Male
Greece,2005,Male,5425928.0,27731.117977468057,0.0014178033157977,511.0852554156276,1.0579784898997795,1.1393614506613008,1.2207444114228225,5.1,7.9,40.5,,,Greece_2005_Male
Greece,2006,Male,5437819.0,27562.08550749398,0.001411624868585,506.85919313412194,1.0579784898997795,1.1393614506613008,1.2207444114228225,5.1,8.01,40.5,49.9,14.3,Greece_2006_Male
Greece,2007,Male,5445093.0,26958.190469743466,0.0013837066791639,495.0914606921032,1.0579784898997795,1.1393614506613008,1.2207444114228225,5.0,8.11,40.3,,,Greece_2007_Male
Greece,2008,Male,5452021.0,26158.148842086448,0.0013446431216585,479.7881160414908,1.0579784898997795,1.1393614506613008,1.2207444114228225,5.0,8.19,40.1,46.3,17.6,Greece_2008_Male
Greece,2009,Male,5458477.0,25419.517021487754,0.0013063869016568,465.6888179887495,1.0579784898997795,1.1393614506613008,1.2207444114228225,5.0,8.26,39.8,38.0,17.3,Greece_2009_Male
Greece,2010,Male,5457157.0,24862.989066135546,0.0012803746642098,455.60333093102406,1.0579784898997795,1.1393614506613008,1.2207444114228225,5.0,8.32,39.5,,,Greece_2010_Male
Greece,2011,Male,5438664.0,24496.18078391849,0.0012688852164278,450.4080558004409,1.0579784898997795,1.1393614506613008,1.2207444114228225,5.0,8.36,39.1,,,Greece_2011_Male
Greece,2012,Male,5395069.0,24059.678134804737,0.0012551825028509,445.95681973306995,1.0579784898997795,1.1393614506613008,1.2207444114228225,5.0,8.4,38.7,,,Greece_2012_Male
Greece,2013,Male,5339744.0,23520.07730727165,0.0012422249106347,440.47200216474147,1.0579784898997795,1.1393614506613008,1.2207444114228225,4.9,8.43,38.3,,,Greece_2013_Male
Greece,2014,Male,5290815.0,23141.553272474943,0.0012370286142513,437.3910876202427,1.0579784898997795,1.1393614506613008,1.2207444114228225,4.9,8.45,38.0,33.8,18.1,Greece_2014_Male
Greece,2015,Male,5246300.0,22865.622600241997,0.0012312830728754,435.84283400190606,1.0579784898997795,1.1393614506613008,1.2207444114228225,4.9,8.47,37.6,,,Greece_2015_Male
Greece,2016,Male,5222744.0,22436.233162777586,0.0012248165166592,429.5870745871823,1.0579784898997795,1.1393614506613008,1.2207444114228225,4.9,8.49,37.3,,,Greece_2016_Male
Greece,2017,Male,5215658.0,22041.834475848187,0.0012177419979235,422.6088918377736,1.0579784898997795,1.1393614506613008,1.2207444114228225,4.9,8.5,37.0,,,Greece_2017_Male
Greece,2018,Male,5209165.0,21491.373410041877,0.0012021802642406,412.56849053623523,1.0579784898997795,1.1393614506613008,1.2207444114228225,4.8,8.52,36.8,,,Greece_2018_Male
Italy,2000,Male,27569659.0,210922.7912696852,0.002141334550416,765.054044628137,1.0579784898997795,1.1393614506613008,1.2207444114228225,5.3,5.9,48.0,31.9,8.8,Italy_2000_Male
Italy,2001,Male,27582304.0,214562.4342284804,0.0021809795604552,777.8988812119553,1.0579784898997795,1.1393614506613008,1.2207444114228225,5.3,6.03,47.9,31.6,8.6,Italy_2001_Male
Italy,2002,Male,27637667.0,217291.20701584517,0.0022138989545755,786.213999234614,1.0579784898997795,1.1393614506613008,1.2207444114228225,5.3,6.16,47.8,31.3,8.8,Italy_2002_Male
Italy,2003,Male,27795386.0,219447.25776521128,0.0022389198185026,789.5096609387302,1.0579784898997795,1.1393614506613008,1.2207444114228225,5.2,6.3,47.6,31.4,9.3,Italy_2003_Male
Italy,2004,Male,28016014.0,220711.16172926937,0.0022543032612064,787.8035816560821,1.0579784898997795,1.1393614506613008,1.2207444114228225,5.2,6.44,47.4,,,Italy_2004_Male
Italy,2005,Male,28189301.0,223237.0585829809,0.0022740198241364,791.9212277841899,1.0579784898997795,1.1393614506613008,1.2207444114228225,5.2,6.59,47.1,28.7,10.2,Italy_2005_Male
Italy,2006,Male,28302528.0,223494.40390365015,0.0022683456278225,789.6623365363339,1.0579784898997795,1.1393614506613008,1.2207444114228225,5.2,6.74,46.7,29.2,10.4,Italy_2006_Male
Italy,2007,Male,28469600.0,221147.41001154695,0.0022346146662681,776.7843946228502,1.0579784898997795,1.1393614506613008,1.2207444114228225,5.2,6.89,46.2,28.6,10.6,Italy_2007_Male
Italy,2008,Male,28682847.0,217041.52675276768,0.0021815098746498,756.6945036968181,1.0579784898997795,1.1393614506613008,1.2207444114228225,5.2,7.04,45.7,28.9,10.8,Italy_2008_Male
Italy,2009,Male,28842143.0,212617.05525666577,0.0021278349492094,737.1749569949284,1.0579784898997795,1.1393614506613008,1.2207444114228225,5.1,7.2,45.0,29.9,11.3,Italy_2009_Male
Italy,2010,Male,28958926.0,209855.2606741442,0.0020907404548652,724.6652057267048,1.0579784898997795,1.1393614506613008,1.2207444114228225,5.1,7.36,44.4,29.6,11.1,Italy_2010_Male
Italy,2011,Male,29052587.0,207837.0011631841,0.0020653054302977,715.3820799613615,1.0579784898997795,1.1393614506613008,1.2207444114228225,5.1,7.51,43.7,28.7,10.7,Italy_2011_Male
Italy,2012,Male,29142124.0,205818.30671299,0.0020423477590372,706.2570549524461,1.0579784898997795,1.1393614506613008,1.2207444114228225,5.1,7.67,43.0,28.1,11.3,Italy_2012_Male
Italy,2013,Male,29217711.0,203638.45818479455,0.0020185147774166,696.9692395985248,1.0579784898997795,1.1393614506613008,1.2207444114228225,5.0,7.82,42.4,26.7,11.5,Italy_2013_Male
Italy,2014,Male,29234921.0,202066.9274942845,0.0020045916444427,691.1834223676694,1.0579784898997795,1.1393614506613008,1.2207444114228225,5.0,7.99,41.7,24.8,10.8,Italy_2014_Male
Italy,2015,Male,29210678.0,201525.19468429577,0.0020015108307201,689.9024893715092,1.0579784898997795,1.1393614506613008,1.2207444114228225,5.0,8.15,41.1,24.9,10.8,Italy_2015_Male
Italy,2016,Male,29185846.0,199978.0066964838,0.0019951448227205,685.1883159271237,1.0579784898997795,1.1393614506613008,1.2207444114228225,5.0,8.32,40.6,25.1,11.1,Italy_2016_Male
Italy,2017,Male,29167562.0,199112.5074632512,0.0019967815636774,682.6504987398371,1.0579784898997795,1.1393614506613008,1.2207444114228225,4.9,8.5,40.1,25.1,11.8,Italy_2017_Male
Italy,2018,Male,29143827.0,197651.87040809367,0.0019958349397885,678.1946324622833,1.0579784898997795,1.1393614506613008,1.2207444114228225,4.9,8.67,39.6,23.5,11.7,Italy_2018_Male
Netherlands,2000,Male,7878082.0,25660.05962013123,0.0008962596174374,325.7145536201734,1.0579784898997795,1.1393614506613008,1.2207444114228225,,,,35.0,8.6,Netherlands_2000_Male
Netherlands,2001,Male,7940911.0,25351.169222218658,0.0008778525829398,319.2476180909049,1.0579784898997795,1.1393614506613008,1.2207444114228225,,,,32.3,8.3,Netherlands_2001_Male
Netherlands,2002,Male,7993718.0,24778.362662482286,0.0008526041696981,309.97293953179593,1.0579784898997795,1.1393614506613008,1.2207444114228225,,,,30.9,8.6,Netherlands_2002_Male
Netherlands,2003,Male,8030692.0,24094.518064542724,0.0008264252945039,300.03040914211033,1.0579784898997795,1.1393614506613008,1.2207444114228225,,,,29.2,9.3,Netherlands_2003_Male
Netherlands,2004,Male,8055944.0,23352.36315561281,0.000797779629666,289.87742660093977,1.0579784898997795,1.1393614506613008,1.2207444114228225,,,,28.6,9.6,Netherlands_2004_Male
Netherlands,2005,Male,8071693.0,22888.904211214325,0.000781825790727,283.5700541536246,1.0579784898997795,1.1393614506613008,1.2207444114228225,,,,28.4,9.9,Netherlands_2005_Male
Netherlands,2006,Male,8082956.0,22601.658806660293,0.0007713628997454,279.62120301855276,1.0579784898997795,1.1393614506613008,1.2207444114228225,,,,28.8,9.8,Netherlands_2006_Male
Netherlands,2007,Male,8100294.0,22440.480068383928,0.0007675910167572,277.0329085386768,1.0579784898997795,1.1393614506613008,1.2207444114228225,,,,25.4,10.2,Netherlands_2007_Male
Netherlands,2008,Male,8134230.0,22318.049849593892,0.0007654901701936,274.3720038601551,1.0579784898997795,1.1393614506613008,1.2207444114228225,,,,25.9,10.1,Netherlands_2008_Male
Netherlands,2009,Male,8179935.0,22161.00712534332,0.000761332638519,270.9191103027508,1.0579784898997795,1.1393614506613008,1.2207444114228225,,,,25.5,11.2,Netherlands_2009_Male
Netherlands,2010,Male,8223479.0,22011.538166887167,0.0007558627409503,267.66698336418403,1.0579784898997795,1.1393614506613008,1.2207444114228225,,,,23.1,10.2,Netherlands_2010_Male
Netherlands,2011,Male,8263177.0,21644.605102666166,0.0007468937127449,261.94047522721786,1.0579784898997795,1.1393614506613008,1.2207444114228225,,,,23.5,10.2,Netherlands_2011_Male
Netherlands,2012,Male,8295107.0,21286.170228808336,0.0007413612081902,256.61115919069323,1.0579784898997795,1.1393614506613008,1.2207444114228225,,,,20.6,11.2,Netherlands_2012_Male
Netherlands,2013,Male,8320862.0,20793.934997264507,0.0007324893067994,249.9012121251922,1.0579784898997795,1.1393614506613008,1.2207444114228225,,,,20.9,10.0,Netherlands_2013_Male
Netherlands,2014,Male,8353621.0,20347.512444685926,0.000723972017472,243.5771558787013,1.0579784898997795,1.1393614506613008,1.2207444114228225,,,,21.7,11.6,Netherlands_2014_Male
Netherlands,2015,Male,8395002.0,20186.62053765682,0.000725266188464,240.45998485356907,1.0579784898997795,1.1393614506613008,1.2207444114228225,,,,21.2,11.3,Netherlands_2015_Male
Netherlands,2016,Male,8446117.0,20049.562509449912,0.0007210273436374,237.38201246146497,1.0579784898997795,1.1393614506613008,1.2207444114228225,,,,20.9,11.4,Netherlands_2016_Male
Netherlands,2017,Male,8501074.0,20005.575262784198,0.00072262926098,235.32997433952696,1.0579784898997795,1.1393614506613008,1.2207444114228225,,,,19.5,12.0,Netherlands_2017_Male
Netherlands,2018,Male,8554061.0,20021.08193713317,0.0007228276469937,234.0535324348654,1.0579784898997795,1.1393614506613008,1.2207444114228225,,,,17.8,12.6,Netherlands_2018_Male
Portugal,2000,Male,4965304.0,15960.00492001525,0.0009078926643247,321.43056940753775,1.0579784898997795,1.1393614506613008,1.2207444114228225,5.1,6.25,42.3,,,Portugal_2000_Male
Portugal,2001,Male,5002916.0,15767.591290343082,0.0008939663470114,315.16801981770396,1.0579784898997795,1.1393614506613008,1.2207444114228225,5.1,6.39,42.3,,,Portugal_2001_Male
Portugal,2002,Male,5028357.0,15476.333977867456,0.0008749302993544,307.78112965860333,1.0579784898997795,1.1393614506613008,1.2207444114228225,5.1,6.54,42.3,,,Portugal_2002_Male
Portugal,2003,Male,5042334.5,15132.062115768374,0.0008552475575244,300.1003228914776,1.0579784898997795,1.1393614506613008,1.2207444114228225,5.1,6.69,42.2,,,Portugal_2003_Male
Portugal,2004,Male,5050525.5,14733.11805583852,0.0008320197989296,291.714556353364,1.0579784898997795,1.1393614506613008,1.2207444114228225,5.1,6.84,42.2,,,Portugal_2004_Male
Portugal,2005,Male,5056267.5,14463.980005508884,0.000817552841084,286.0604191829029,1.0579784898997795,1.1393614506613008,1.2207444114228225,5.0,7.0,42.0,,,Portugal_2005_Male
Portugal,2006,Male,5061604.0,14225.84165065683,0.0008048664103003,281.05402261134674,1.0579784898997795,1.1393614506613008,1.2207444114228225,5.0,7.15,41.8,27.2,14.6,Portugal_2006_Male
Portugal,2007,Male,5067071.0,13893.025648937632,0.0007881068009424,274.1825731065863,1.0579784898997795,1.1393614506613008,1.2207444114228225,5.0,7.31,41.6,,,Portugal_2007_Male
Portugal,2008,Male,5067993.0,13549.221805477426,0.0007705228072154,267.34886582277096,1.0579784898997795,1.1393614506613008,1.2207444114228225,5.0,7.46,41.3,,,Portugal_2008_Male
Portugal,2009,Male,5064992.0,13229.47282480934,0.0007555504501309,261.19434788464304,1.0579784898997795,1.1393614506613008,1.2207444114228225,5.0,7.61,40.9,,,Portugal_2009_Male
Portugal,2010,Male,5058644.0,13017.666374334114,0.0007457076696909,257.3350956172072,1.0579784898997795,1.1393614506613008,1.2207444114228225,5.0,7.76,40.5,,,Portugal_2010_Male
Portugal,2011,Male,5050371.5,12839.174962521996,0.000737086194736,254.222386660506,1.0579784898997795,1.1393614506613008,1.2207444114228225,4.9,7.9,40.1,,,Portugal_2011_Male
Portugal,2012,Male,5020841.5,12718.53547644213,0.000732703112729,253.314817375576,1.0579784898997795,1.1393614506613008,1.2207444114228225,4.9,8.04,39.6,,,Portugal_2012_Male
Portugal,2013,Male,4984319.5,12572.102641397025,0.0007270571420302,252.23308099324342,1.0579784898997795,1.1393614506613008,1.2207444114228225,4.9,8.19,39.2,,,Portugal_2013_Male
Portugal,2014,Male,4950006.5,12469.152135371,0.0007238936505354,251.9017325607754,1.0579784898997795,1.1393614506613008,1.2207444114228225,4.9,8.33,38.8,23.5,15.1,Portugal_2014_Male
Portugal,2015,Male,4927066.5,12417.604741566867,0.0007235911713599,252.02835686441148,1.0579784898997795,1.1393614506613008,1.2207444114228225,4.9,8.47,38.4,,24.9,Portugal_2015_Male
Portugal,2016,Male,4913700.5,12357.39139268623,0.0007238044319477,251.48849411327024,1.0579784898997795,1.1393614506613008,1.2207444114228225,4.9,8.61,38.0,,,Portugal_2016_Male
Portugal,2017,Male,4905283.5,12275.676428752997,0.0007238309828499,250.25416836260325,1.0579784898997795,1.1393614506613008,1.2207444114228225,4.8,8.75,37.6,,15.5,Portugal_2017_Male
Portugal,2018,Male,4900622.5,12230.85512411365,0.0007260823981741,249.57758170750046,1.0579784898997795,1.1393614506613008,1.2207444114228225,4.8,8.89,37.3,,,Portugal_2018_Male
Switzerland,2000,Male,3510203.0,14229.776653069051,0.0011160834881388,405.38329700786676,1.0579784898997795,1.1393614506613008,1.2207444114228225,5.5,4.57,35.9,,,Switzerland_2000_Male
Switzerland,2001,Male,3529342.0,14356.935414331483,0.0011196466863622,406.78787757977216,1.0579784898997795,1.1393614506613008,1.2207444114228225,5.4,4.63,35.5,,,Switzerland_2001_Male
Switzerland,2002,Male,3559690.0,14503.631006746027,0.0011296381694787,407.4408447574375,1.0579784898997795,1.1393614506613008,1.2207444114228225,5.4,4.69,35.2,30.7,7.9,Switzerland_2002_Male
Switzerland,2003,Male,3588285.0,14687.805967633632,0.0011383766448182,409.32662727831354,1.0579784898997795,1.1393614506613008,1.2207444114228225,5.4,4.74,34.8,,,Switzerland_2003_Male
Switzerland,2004,Male,3615118.0,14823.855815190354,0.0011450237419879,410.05178296228104,1.0579784898997795,1.1393614506613008,1.2207444114228225,5.3,4.79,34.4,,,Switzerland_2004_Male
Switzerland,2005,Male,3640600.0,15054.577149897234,0.001153998991545,413.5191218452242,1.0579784898997795,1.1393614506613008,1.2207444114228225,5.3,4.84,34.0,,,Switzerland_2005_Male
Switzerland,2006,Male,3665931.0,15127.398787459511,0.0011481520825516,412.648213713229,1.0579784898997795,1.1393614506613008,1.2207444114228225,5.2,4.88,33.6,,,Switzerland_2006_Male
Switzerland,2007,Male,3703187.0,15146.543994447697,0.0011358955945111,409.0137493582608,1.0579784898997795,1.1393614506613008,1.2207444114228225,5.2,4.91,33.1,23.4,8.6,Switzerland_2007_Male
Switzerland,2008,Male,3756845.0,15098.0275546571,0.0011173115536029,401.88050224742034,1.0579784898997795,1.1393614506613008,1.2207444114228225,5.1,4.95,32.7,,,Switzerland_2008_Male
Switzerland,2009,Male,3808621.0,14964.10219130152,0.0010929125434063,392.9007950988434,1.0579784898997795,1.1393614506613008,1.2207444114228225,5.1,4.98,32.2,,,Switzerland_2009_Male
Switzerland,2010,Male,3851028.0,14886.498318740538,0.001073417104501,386.5590776992672,1.0579784898997795,1.1393614506613008,1.2207444114228225,5.1,5.01,31.6,,,Switzerland_2010_Male
Switzerland,2011,Male,3899837.0,14722.170546571097,0.0010477651189274,377.5073303466554,1.0579784898997795,1.1393614506613008,1.2207444114228225,5.0,5.05,31.0,,,Switzerland_2011_Male
Switzerland,2012,Male,3945389.0,14592.76199005467,0.0010267195667493,369.86877567851155,1.0579784898997795,1.1393614506613008,1.2207444114228225,5.0,5.08,30.4,23.1,11.2,Switzerland_2012_Male
Switzerland,2013,Male,3995305.0,14357.869015257504,0.0009979068967547,359.368534198453,1.0579784898997795,1.1393614506613008,1.2207444114228225,5.0,5.12,29.8,,,Switzerland_2013_Male
Switzerland,2014,Male,4047986.0,14056.944633338138,0.0009661287728371,347.2577383750373,1.0579784898997795,1.1393614506613008,1.2207444114228225,4.9,5.16,29.2,,,Switzerland_2014_Male
Switzerland,2015,Male,4097678.0,13833.38890792744,0.0009404110023163,337.59092119799163,1.0579784898997795,1.1393614506613008,1.2207444114228225,4.9,5.21,28.6,,,Switzerland_2015_Male
Switzerland,2016,Male,4147451.0,13383.34664461614,0.0009030495848523,322.6884813013135,1.0579784898997795,1.1393614506613008,1.2207444114228225,4.9,5.25,28.0,,,Switzerland_2016_Male
Switzerland,2017,Male,4189932.0,12934.886133718912,0.0008673528187835,308.7135097590823,1.0579784898997795,1.1393614506613008,1.2207444114228225,4.8,5.29,27.5,21.5,12.3,Switzerland_2017_Male
Switzerland,2018,Male,4221776.0,12432.980972360923,0.0008320138010138,294.4964624452108,1.0579784898997795,1.1393614506613008,1.2207444114228225,4.8,5.33,26.9,,,Switzerland_2018_Male
Germany,2000,Male,40123653.0,272023.8772575438,0.0019250709321172,677.9638864326331,1.0579784898997795,1.1393614506613008,1.2207444114228225,5.5,7.63,45.5,,,Germany_2000_Male
Germany,2001,Male,40215610.0,278306.34272587,0.0019636053513152,692.0356118578583,1.0579784898997795,1.1393614506613008,1.2207444114228225,5.5,7.76,44.9,,,Germany_2001_Male
Germany,2002,Male,40309777.0,284555.0003173939,0.0020013260907014,705.9205520223888,1.0579784898997795,1.1393614506613008,1.2207444114228225,5.4,7.88,44.3,,,Germany_2002_Male
Germany,2003,Male,40350450.0,290459.9425750914,0.0020382136675564,719.8431308079374,1.0579784898997795,1.1393614506613008,1.2207444114228225,5.4,7.99,43.8,29.8,13.6,Germany_2003_Male
Germany,2004,Male,40354823.0,295024.2424490662,0.0020681044984701,731.0755456641854,1.0579784898997795,1.1393614506613008,1.2207444114228225,5.4,8.09,43.2,,,Germany_2004_Male
Germany,2005,Male,40346792.0,302921.47608291364,0.0021203500947506,750.7944524633176,1.0579784898997795,1.1393614506613008,1.2207444114228225,5.3,8.17,42.7,27.9,14.4,Germany_2005_Male
Germany,2006,Male,40320564.0,317490.0520508916,0.0022186989005709,787.4147099006145,1.0579784898997795,1.1393614506613008,1.2207444114228225,5.3,8.24,42.1,,,Germany_2006_Male
Germany,2007,Male,40287731.0,343129.52193403273,0.0023908449849049,851.6973118541541,1.0579784898997795,1.1393614506613008,1.2207444114228225,5.2,8.28,41.6,,,Germany_2007_Male
Germany,2008,Male,40229286.0,373169.82481495047,0.0025898291912919,927.6073774089615,1.0579784898997795,1.1393614506613008,1.2207444114228225,5.2,8.31,41.0,,,Germany_2008_Male
Germany,2009,Male,40143948.0,400547.8046591322,0.0027697417157958,997.7788050620537,1.0579784898997795,1.1393614506613008,1.2207444114228225,5.2,8.32,40.5,26.4,15.7,Germany_2009_Male
Germany,2010,Male,40108021.0,415365.39645690384,0.00286498398785,1035.6167821316933,1.0579784898997795,1.1393614506613008,1.2207444114228225,5.1,8.3,39.9,,,Germany_2010_Male
Germany,2011,Male,39177271.0,410644.9582007208,0.0028264451835429,1048.1714211301774,1.0579784898997795,1.1393614506613008,1.2207444114228225,5.1,8.28,39.3,,,Germany_2011_Male
Germany,2012,Male,39305461.0,384602.2823322301,0.0026474618879432,978.4957930711718,1.0579784898997795,1.1393614506613008,1.2207444114228225,5.0,8.24,38.6,,23.3,Germany_2012_Male
Germany,2013,Male,39468950.0,348462.65477750014,0.0024015399731813,882.877945264569,1.0579784898997795,1.1393614506613008,1.2207444114228225,5.0,8.2,38.0,25.1,17.1,Germany_2013_Male
Germany,2014,Male,39696188.0,312530.66178780055,0.0021592953228348,787.3064834028912,1.0579784898997795,1.1393614506613008,1.2207444114228225,5.0,8.17,37.3,,,Germany_2014_Male
Germany,2015,Male,40174790.0,291788.0868667381,0.0020173811103587,726.2964831097763,1.0579784898997795,1.1393614506613008,1.2207444114228225,4.9,8.13,36.7,,,Germany_2015_Male
Germany,2016,Male,40605623.0,278460.9993082621,0.0019331093072079,685.7695529219244,1.0579784898997795,1.1393614506613008,1.2207444114228225,4.9,8.1,36.1,,,Germany_2016_Male
Germany,2017,Male,40770341.0,267659.6282574131,0.0018662744480896,656.5057384666297,1.0579784898997795,1.1393614506613008,1.2207444114228225,4.9,8.07,35.5,22.3,18.1,Germany_2017_Male
Germany,2018,Male,40905134.0,258344.0858872405,0.0018111462546096,631.568853648641,1.0579784898997795,1.1393614506613008,1.2207444114228225,4.8,8.05,34.9,,,Germany_2018_Male
France,2000,Male,29462909.0,74795.23012252696,0.0007179708767862,253.86233967096382,1.0579784898997795,1.1393614506613008,1.2207444114228225,5.4,6.16,39.4,33.7,9.0,France_2000_Male
France,2001,Male,29659676.0,75625.3200492235,0.000720763398932,254.97689202411888,1.0579784898997795,1.1393614506613008,1.2207444114228225,5.4,6.21,39.3,,,France_2001_Male
France,2002,Male,29858337.0,76301.77861446787,0.0007218477165796,255.54597570007957,1.0579784898997795,1.1393614506613008,1.2207444114228225,5.4,6.24,39.2,,9.7,France_2002_Male
France,2003,Male,30054640.0,76927.72321331764,0.0007220131120615,255.95955637238592,1.0579784898997795,1.1393614506613008,1.2207444114228225,5.3,6.24,39.2,,,France_2003_Male
France,2004,Male,30258764.0,76853.15614509638,0.0007158692813661,253.98643561612886,1.0579784898997795,1.1393614506613008,1.2207444114228225,5.3,6.24,39.1,,9.5,France_2004_Male
France,2005,Male,30467818.0,77565.9525163179,0.0007163234504284,254.58322127406007,1.0579784898997795,1.1393614506613008,1.2207444114228225,5.3,6.22,38.9,32.0,,France_2005_Male
France,2006,Male,30675898.0,77367.9227925517,0.0007085998960065,252.21078382954497,1.0579784898997795,1.1393614506613008,1.2207444114228225,5.3,6.18,38.7,,16.1,France_2006_Male
France,2007,Male,30870022.0,77141.0801221219,0.0007002250589584,249.88994216499717,1.0579784898997795,1.1393614506613008,1.2207444114228225,5.3,6.12,38.4,,,France_2007_Male
France,2008,Male,31042064.0,76688.11727027544,0.0006901232121775,247.04580620114513,1.0579784898997795,1.1393614506613008,1.2207444114228225,5.2,6.03,38.1,,11.7,France_2008_Male
France,2009,Male,31202687.0,75893.1107740119,0.000677861337817,243.22620283955644,1.0579784898997795,1.1393614506613008,1.2207444114228225,5.2,5.94,37.8,,,France_2009_Male
France,2010,Male,31360244.0,75535.91528060878,0.0006701909945305,240.86520270890998,1.0579784898997795,1.1393614506613008,1.2207444114228225,5.2,5.81,37.4,33.1,12.4,France_2010_Male
France,2011,Male,31514511.0,75117.33287730825,0.0006622516911627,238.35791987160533,1.0579784898997795,1.1393614506613008,1.2207444114228225,5.2,5.67,37.0,,,France_2011_Male
France,2012,Male,31671749.0,74796.6062914111,0.0006551304404807,236.16190659824656,1.0579784898997795,1.1393614506613008,1.2207444114228225,5.2,5.52,36.6,,14.5,France_2012_Male
France,2013,Male,31837515.0,73962.447011949,0.0006439128563555,232.31224865366846,1.0579784898997795,1.1393614506613008,1.2207444114228225,5.1,5.35,36.2,,,France_2013_Male
France,2014,Male,32092554.0,73030.982185364,0.0006323221890896,227.56363418556217,1.0579784898997795,1.1393614506613008,1.2207444114228225,5.1,5.17,35.8,32.9,15.3,France_2014_Male
France,2015,Male,32193536.0,73006.07354547526,0.000627975518898,226.77245999158112,1.0579784898997795,1.1393614506613008,1.2207444114228225,5.1,4.98,35.4,33.1,16.8,France_2015_Male
France,2016,Male,32263674.0,72839.15802977426,0.0006237062274242,225.76213121225518,1.0579784898997795,1.1393614506613008,1.2207444114228225,5.1,4.79,35.1,33.0,,France_2016_Male
France,2017,Male,32347505.0,72697.80320748738,0.0006206699008424,224.7400632830488,1.0579784898997795,1.1393614506613008,1.2207444114228225,5.1,4.59,34.8,29.8,14.8,France_2017_Male
France,2018,Male,32466837.0,72476.82231704729,0.0006169655878865,223.23339448510887,1.0579784898997795,1.1393614506613008,1.2207444114228225,5.0,4.4,34.4,28.2,,France_2018_Male
Israel,2000,Male,3102400.0,7339.153976424209,0.0006043707388004,236.5637563313631,1.0579784898997795,1.1393614506613008,1.2207444114228225,5.1,9.88,37.7,34.0,,Israel_2000_Male
Israel,2001,Male,3176552.0,7296.4155601327375,0.0005832866279499,229.69608431194382,1.0579784898997795,1.1393614506613008,1.2207444114228225,5.1,10.05,37.5,,,Israel_2001_Male
Israel,2002,Male,3241734.0,7304.786960655853,0.0005652051740786,225.335791297369,1.0579784898997795,1.1393614506613008,1.2207444114228225,5.0,10.19,37.3,29.1,12.2,Israel_2002_Male
Israel,2003,Male,3301848.0,7320.701300630507,0.0005508418894099,221.7152727996718,1.0579784898997795,1.1393614506613008,1.2207444114228225,5.0,10.3,37.2,,,Israel_2003_Male
Israel,2004,Male,3361968.0,7267.471767279878,0.0005322571685853,216.16719038610356,1.0579784898997795,1.1393614506613008,1.2207444114228225,5.0,10.38,37.1,27.8,11.6,Israel_2004_Male
Israel,2005,Male,3423132.0,7308.922074289511,0.0005214612680337,213.51563639057775,1.0579784898997795,1.1393614506613008,1.2207444114228225,4.9,10.43,36.9,,,Israel_2005_Male
Israel,2006,Male,3485501.0,7196.930860467174,0.0005004931433084,206.48196229084928,1.0579784898997795,1.1393614506613008,1.2207444114228225,4.9,10.45,36.7,25.6,12.8,Israel_2006_Male
Israel,2007,Male,3549242.0,7214.015220240227,0.0004890254013804,203.25509560182786,1.0579784898997795,1.1393614506613008,1.2207444114228225,4.9,10.45,36.5,,,Israel_2007_Male
Israel,2008,Male,3624375.0,7082.503865419661,0.0004682187756967,195.41310889242038,1.0579784898997795,1.1393614506613008,1.2207444114228225,4.9,10.42,36.2,26.7,13.2,Israel_2008_Male
Israel,2009,Male,3701384.0,6924.53283441684,0.0004471009561347,187.07955819814535,1.0579784898997795,1.1393614506613008,1.2207444114228225,4.8,10.37,36.0,,,Israel_2009_Male
Israel,2010,Male,3771321.0,6873.623382656287,0.0004341444679028,182.26036401187505,1.0579784898997795,1.1393614506613008,1.2207444114228225,4.8,10.3,35.6,24.8,16.1,Israel_2010_Male
Israel,2011,Male,3841121.0,6838.245930597751,0.0004238471137102,178.02735010424695,1.0579784898997795,1.1393614506613008,1.2207444114228225,4.8,10.22,35.3,,,Israel_2011_Male
Israel,2012,Male,3916125.0,6830.542027699392,0.0004162601642226,174.4209397733574,1.0579784898997795,1.1393614506613008,1.2207444114228225,4.8,10.13,34.9,,,Israel_2012_Male
Israel,2013,Male,3991347.0,6725.288126527437,0.0004034378080327,168.49670365737273,1.0579784898997795,1.1393614506613008,1.2207444114228225,4.8,10.03,34.6,21.9,15.7,Israel_2013_Male
Israel,2014,Male,4070269.0,6728.997536490719,0.0003975607597834,165.3207082011218,1.0579784898997795,1.1393614506613008,1.2207444114228225,4.7,9.93,34.3,23.2,18.3,Israel_2014_Male
Israel,2015,Male,4153233.0,6806.573883388744,0.0003958891027916,163.88615527683478,1.0579784898997795,1.1393614506613008,1.2207444114228225,4.7,9.84,34.0,,18.5,Israel_2015_Male
Israel,2016,Male,4237229.0,6693.0671165676695,0.0003840880176143,157.95858842105702,1.0579784898997795,1.1393614506613008,1.2207444114228225,4.7,9.73,33.7,25.3,17.4,Israel_2016_Male
Israel,2017,Male,4321810.0,6848.318377654611,0.0003872456137411,158.4594967769201,1.0579784898997795,1.1393614506613008,1.2207444114228225,4.7,9.63,33.4,21.3,15.4,Israel_2017_Male
Israel,2018,Male,4407285.0,6765.716175049551,0.0003788374035378,153.5121094971065,1.0579784898997795,1.1393614506613008,1.2207444114228225,4.7,9.54,33.2,,,Israel_2018_Male
United States,2000,Male,138458548.0,,,,1.0579784898997795,1.1393614506613008,1.2207444114228225,,,,21.2,27.7,United States_2000_Male
United States,2001,Male,139998551.0,,,,1.0579784898997795,1.1393614506613008,1.2207444114228225,,,,20.3,22.9,United States_2001_Male
United States,2002,Male,141413818.0,,,,1.0579784898997795,1.1393614506613008,1.2207444114228225,,,,20.5,28.3,United States_2002_Male
United States,2003,Male,142676927.0,,,,1.0579784898997795,1.1393614506613008,1.2207444114228225,,,,19.4,23.3,United States_2003_Male
United States,2004,Male,144137674.0,,,,1.0579784898997795,1.1393614506613008,1.2207444114228225,,,,19.0,31.7,United States_2004_Male
United States,2005,Male,145560767.0,,,,1.0579784898997795,1.1393614506613008,1.2207444114228225,,,,19.1,25.5,United States_2005_Male
United States,2006,Male,147060702.0,,,,1.0579784898997795,1.1393614506613008,1.2207444114228225,,,,19.0,33.8,United States_2006_Male
United States,2007,Male,148612102.0,,,,1.0579784898997795,1.1393614506613008,1.2207444114228225,,,,17.1,27.2,United States_2007_Male
United States,2008,Male,150074226.0,,,,1.0579784898997795,1.1393614506613008,1.2207444114228225,,,,17.9,32.5,United States_2008_Male
United States,2009,Male,151449490.0,,,,1.0579784898997795,1.1393614506613008,1.2207444114228225,,,,17.9,28.3,United States_2009_Male
United States,2010,Male,152077478.0,,,,1.0579784898997795,1.1393614506613008,1.2207444114228225,,,,16.7,35.9,United States_2010_Male
United States,2011,Male,153212980.0,,,,1.0579784898997795,1.1393614506613008,1.2207444114228225,,,,16.4,29.1,United States_2011_Male
United States,2012,Male,154397027.0,,,,1.0579784898997795,1.1393614506613008,1.2207444114228225,,,,15.9,33.9,United States_2012_Male
United States,2013,Male,155514054.0,,,,1.0579784898997795,1.1393614506613008,1.2207444114228225,,,,15.6,29.2,United States_2013_Male
United States,2014,Male,156695810.0,,,,1.0579784898997795,1.1393614506613008,1.2207444114228225,,,,14.0,35.5,United States_2014_Male
United States,2015,Male,157906843.0,,,,1.0579784898997795,1.1393614506613008,1.2207444114228225,,,,12.2,30.6,United States_2015_Male
United States,2016,Male,159085693.0,,,,1.0579784898997795,1.1393614506613008,1.2207444114228225,,,,13.2,38.3,United States_2016_Male
United States,2017,Male,160113445.0,,,,1.0579784898997795,1.1393614506613008,1.2207444114228225,,,,11.5,30.6,United States_2017_Male
United States,2018,Male,160960513.0,,,,1.0579784898997795,1.1393614506613008,1.2207444114228225,,,,11.5,43.5,United States_2018_Male
New Zealand,2000,Male,1893800.0,9736.335437289186,0.0011291560128139,514.1163500522329,1.0579784898997795,1.1393614506613008,1.2207444114228225,5.4,7.02,36.1,25.0,,New Zealand_2000_Male
New Zealand,2001,Male,1903200.0,10046.061778948468,0.001167741601911,527.8510812814453,1.0579784898997795,1.1393614506613008,1.2207444114228225,5.4,7.12,36.0,25.0,,New Zealand_2001_Male
New Zealand,2002,Male,1936500.0,10351.20318728755,0.0012079035983472,534.5315356203228,1.0579784898997795,1.1393614506613008,1.2207444114228225,5.4,7.23,35.9,25.0,,New Zealand_2002_Male
New Zealand,2003,Male,1975600.0,10693.363251733192,0.0012307112311656,541.2716770466284,1.0579784898997795,1.1393614506613008,1.2207444114228225,5.3,7.34,35.9,24.0,24.4,New Zealand_2003_Male
New Zealand,2004,Male,2003800.0,11075.026986300927,0.0012547205357055,552.7012170027411,1.0579784898997795,1.1393614506613008,1.2207444114228225,5.3,7.45,35.9,23.0,,New Zealand_2004_Male
New Zealand,2005,Male,2025200.0,11351.956069127724,0.0012741458299922,560.5350616792279,1.0579784898997795,1.1393614506613008,1.2207444114228225,5.3,7.58,35.8,22.5,,New Zealand_2005_Male
New Zealand,2006,Male,2048300.0,11603.06458462321,0.001289194712372,566.4729084911004,1.0579784898997795,1.1393614506613008,1.2207444114228225,5.2,7.71,35.8,21.9,,New Zealand_2006_Male
New Zealand,2007,Male,2066400.0,11653.73731239282,0.0012788004632623,563.9632845718554,1.0579784898997795,1.1393614506613008,1.2207444114228225,5.2,7.85,35.8,19.3,26.0,New Zealand_2007_Male
New Zealand,2008,Male,2083400.0,11576.005921023689,0.0012524249335328,555.6305040330079,1.0579784898997795,1.1393614506613008,1.2207444114228225,5.1,7.99,35.7,,,New Zealand_2008_Male
New Zealand,2009,Male,2104700.0,11561.900388097383,0.0012331684075796,549.337216139943,1.0579784898997795,1.1393614506613008,1.2207444114228225,5.1,8.14,35.6,,27.7,New Zealand_2009_Male
New Zealand,2010,Male,2127700.0,11577.804995618932,0.0012168797288186,544.1464960106656,1.0579784898997795,1.1393614506613008,1.2207444114228225,5.0,8.27,35.5,,,New Zealand_2010_Male
New Zealand,2011,Male,2143600.0,11721.780000298497,0.001216341335615,546.8268333783586,1.0579784898997795,1.1393614506613008,1.2207444114228225,5.0,8.4,35.4,,,New Zealand_2011_Male
New Zealand,2012,Male,2155000.0,11869.18463436946,0.0012221393470341,550.7742289730608,1.0579784898997795,1.1393614506613008,1.2207444114228225,5.0,8.53,35.3,16.9,28.5,New Zealand_2012_Male
New Zealand,2013,Male,2172200.0,11960.095541099738,0.0012244928318228,550.5982663244516,1.0579784898997795,1.1393614506613008,1.2207444114228225,4.9,8.65,35.1,16.4,30.0,New Zealand_2013_Male
New Zealand,2014,Male,2215700.0,12175.405361522431,0.0012343537154473,549.5060415003129,1.0579784898997795,1.1393614506613008,1.2207444114228225,4.9,8.79,35.0,17.5,30.0,New Zealand_2014_Male
New Zealand,2015,Male,2270100.0,12260.390353848805,0.0012242368860417,540.0815097946701,1.0579784898997795,1.1393614506613008,1.2207444114228225,4.8,8.93,34.8,16.3,29.7,New Zealand_2015_Male
New Zealand,2016,Male,2328500.0,12322.105042484514,0.0012105887258497,529.186387910007,1.0579784898997795,1.1393614506613008,1.2207444114228225,4.8,9.09,34.7,15.9,30.8,New Zealand_2016_Male
New Zealand,2017,Male,2382700.0,12412.872597879395,0.0012031700227493,520.9582657438785,1.0579784898997795,1.1393614506613008,1.2207444114228225,4.8,9.24,34.6,15.4,30.8,New Zealand_2017_Male
New Zealand,2018,Male,2430200.0,12358.231960198314,0.0011872958713789,508.52736236516813,1.0579784898997795,1.1393614506613008,1.2207444114228225,4.7,9.41,34.5,14.5,31.0,New Zealand_2018_Male
Australia,2000,Male,9443465.0,31882.85788600272,0.0007856257719856,337.61821414070704,1.0579784898997795,1.1393614506613008,1.2207444114228225,5.2,5.11,34.5,,,Australia_2000_Male
Australia,2001,Male,9561826.0,31705.713922360337,0.0007691777423661,331.5863928329206,1.0579784898997795,1.1393614506613008,1.2207444114228225,5.2,5.22,34.2,21.2,15.7,Australia_2001_Male
Australia,2002,Male,9675483.0,31740.63494989358,0.0007527462253723,328.0522011138212,1.0579784898997795,1.1393614506613008,1.2207444114228225,5.2,5.33,33.9,,,Australia_2002_Male
Australia,2003,Male,9787597.0,31536.843518964204,0.0007283653056347,322.21232156334395,1.0579784898997795,1.1393614506613008,1.2207444114228225,5.1,5.44,33.7,,,Australia_2003_Male
Australia,2004,Male,9895951.0,31410.76975035075,0.0007078916776965,317.4103201435693,1.0579784898997795,1.1393614506613008,1.2207444114228225,5.1,5.56,33.5,19.0,19.0,Australia_2004_Male
Australia,2005,Male,10019633.0,31381.83708652376,0.0006946599605417,313.20345851513486,1.0579784898997795,1.1393614506613008,1.2207444114228225,5.1,5.69,33.4,,,Australia_2005_Male
Australia,2006,Male,10159424.0,31520.02682928416,0.0006900477712418,310.254073747529,1.0579784898997795,1.1393614506613008,1.2207444114228225,5.0,5.82,33.3,,,Australia_2006_Male
Australia,2007,Male,10353636.0,31556.767262927628,0.0006857236762641,304.7892282762078,1.0579784898997795,1.1393614506613008,1.2207444114228225,5.0,5.95,33.2,18.3,22.3,Australia_2007_Male
Australia,2008,Male,10572045.0,31637.43134322744,0.0006838633106483,299.25554935896923,1.0579784898997795,1.1393614506613008,1.2207444114228225,5.0,6.09,33.1,,,Australia_2008_Male
Australia,2009,Male,10800797.0,31452.7146063213,0.0006765422913717,291.20734892361463,1.0579784898997795,1.1393614506613008,1.2207444114228225,4.9,6.22,33.0,,,Australia_2009_Male
Australia,2010,Male,10967831.0,31371.160885159185,0.0006714729032122,286.02885005393665,1.0579784898997795,1.1393614506613008,1.2207444114228225,4.9,6.34,32.9,16.6,,Australia_2010_Male
Australia,2011,Male,11118234.0,31161.546285579698,0.0006649501744622,280.2742439633821,1.0579784898997795,1.1393614506613008,1.2207444114228225,4.9,6.45,32.8,,28.4,Australia_2011_Male
Australia,2012,Male,11312979.0,30747.00577775341,0.0006567883743937,271.7852280796544,1.0579784898997795,1.1393614506613008,1.2207444114228225,4.8,6.56,32.7,,,Australia_2012_Male
Australia,2013,Male,11506165.0,30188.14927586692,0.0006464078609545,262.3649954252083,1.0579784898997795,1.1393614506613008,1.2207444114228225,4.8,6.67,32.6,14.7,,Australia_2013_Male
Australia,2014,Male,11667886.0,29845.47260803387,0.0006372436670354,255.79160276363575,1.0579784898997795,1.1393614506613008,1.2207444114228225,4.8,6.78,32.5,,28.4,Australia_2014_Male
Australia,2015,Male,11827652.0,29689.39886377913,0.000629310157511,251.01684479539244,1.0579784898997795,1.1393614506613008,1.2207444114228225,4.7,6.89,32.4,,,Australia_2015_Male
Australia,2016,Male,12003039.0,29620.779991684347,0.0006208795265396,246.77733690346543,1.0579784898997795,1.1393614506613008,1.2207444114228225,4.7,7.02,32.4,14.0,,Australia_2016_Male
Ireland,2000,Male,1882946.0,7657.313379462564,0.0011042115360521,406.66664787320315,1.0579784898997795,1.1393614506613008,1.2207444114228225,5.2,5.07,42.6,,,Ireland_2000_Male
Ireland,2001,Male,1913128.0,7597.4962528227425,0.0010784568747104,397.1243039055799,1.0579784898997795,1.1393614506613008,1.2207444114228225,5.1,5.13,42.4,,,Ireland_2001_Male
Ireland,2002,Male,1946164.0,7489.56179185089,0.0010446205741629,384.8371356088639,1.0579784898997795,1.1393614506613008,1.2207444114228225,5.1,5.19,42.3,27.0,15.0,Ireland_2002_Male
Ireland,2003,Male,1976914.0,7407.512728213367,0.0010128971012612,374.70080783551373,1.0579784898997795,1.1393614506613008,1.2207444114228225,5.1,5.27,42.2,,,Ireland_2003_Male
Ireland,2004,Male,2011914.0,7330.908806210367,0.0009817135444958,364.3748592738242,1.0579784898997795,1.1393614506613008,1.2207444114228225,5.0,5.35,42.1,,,Ireland_2004_Male
Ireland,2005,Male,2061831.0,7246.496242851596,0.0009504566336245,351.45927298850376,1.0579784898997795,1.1393614506613008,1.2207444114228225,5.0,5.45,42.0,,,Ireland_2005_Male
Ireland,2006,Male,2117322.0,7180.407930171689,0.0009215875541988,339.12687490007136,1.0579784898997795,1.1393614506613008,1.2207444114228225,5.0,5.56,41.9,,,Ireland_2006_Male
Ireland,2007,Male,2191275.0,7050.891888925146,0.0008890334445875,321.77120119223497,1.0579784898997795,1.1393614506613008,1.2207444114228225,4.9,5.68,41.7,25.0,22.0,Ireland_2007_Male
Ireland,2008,Male,2238581.0,6947.256234585459,0.0008605277373055,310.34196370761026,1.0579784898997795,1.1393614506613008,1.2207444114228225,4.9,5.82,41.5,,,Ireland_2008_Male
Ireland,2009,Male,2257342.0,6836.105108804492,0.0008333861237788,302.8386974062633,1.0579784898997795,1.1393614506613008,1.2207444114228225,4.9,5.96,41.3,,,Ireland_2009_Male
Ireland,2010,Male,2262181.0,6744.184951460173,0.0008110878703433,298.12755705490287,1.0579784898997795,1.1393614506613008,1.2207444114228225,4.8,6.11,41.0,,,Ireland_2010_Male
Ireland,2011,Male,2270506.0,6672.832451720225,0.0007921639386288,293.8918660298729,1.0579784898997795,1.1393614506613008,1.2207444114228225,4.8,6.25,40.7,,,Ireland_2011_Male
Ireland,2012,Male,2275017.0,6598.814025805055,0.0007763227037527,290.05559192766714,1.0579784898997795,1.1393614506613008,1.2207444114228225,4.7,6.39,40.3,,,Ireland_2012_Male
Ireland,2013,Male,2286131.0,6514.056947484535,0.0007610374127473,284.938043685359,1.0579784898997795,1.1393614506613008,1.2207444114228225,4.7,6.55,40.0,,,Ireland_2013_Male
Ireland,2014,Male,2299041.0,6438.813989665967,0.0007476551091116,280.06520934885316,1.0579784898997795,1.1393614506613008,1.2207444114228225,4.7,6.72,39.7,,,Ireland_2014_Male
Ireland,2015,Male,2317718.0,6441.543761316081,0.000743687497286,277.92612221659755,1.0579784898997795,1.1393614506613008,1.2207444114228225,4.6,6.9,39.3,20.0,23.8,Ireland_2015_Male
Ireland,2016,Male,2346546.0,6458.216964223773,0.0007417632294873,275.22226132467773,1.0579784898997795,1.1393614506613008,1.2207444114228225,4.6,7.09,39.0,21.0,,Ireland_2016_Male
Austria,2000,Male,3874717.0,21247.9326189499,0.0014095395885668,548.3737939815966,1.0579784898997795,1.1393614506613008,1.2207444114228225,5.5,5.43,44.7,,,Austria_2000_Male
Austria,2001,Male,3893920.0,21696.12665904885,0.0014319271138609,557.1795686364602,1.0579784898997795,1.1393614506613008,1.2207444114228225,5.4,5.53,44.5,,,Austria_2001_Male
Canada,2000,Male,15193812.0,49981.39373278172,0.0007282527581829,328.95887965957274,1.0579784898997795,1.1393614506613008,1.2207444114228225,5.2,7.29,30.8,,,Canada_2000_Male
Estonia,2000,Male,651075.0,3804.701994214917,0.0016887775106777,584.3723064493211,1.0579784898997795,1.1393614506613008,1.2207444114228225,5.2,4.22,51.0,45.0,12.3,Estonia_2000_Male
Estonia,2001,Male,646685.0,3728.7492359739367,0.0016628761288882,576.5943598465925,1.0579784898997795,1.1393614506613008,1.2207444114228225,5.2,4.32,50.9,,,Estonia_2001_Male
Estonia,2002,Male,642145.0,3649.931977424775,0.0016441857241049,568.3968538919987,1.0579784898997795,1.1393614506613008,1.2207444114228225,5.2,4.41,50.9,43.9,12.5,Estonia_2002_Male
Estonia,2003,Male,637720.0,3590.0061187083334,0.0016345414005274,562.9439438481361,1.0579784898997795,1.1393614506613008,1.2207444114228225,5.2,4.52,50.9,,,Estonia_2003_Male
Estonia,2004,Male,633580.0,3492.783734922093,0.0016071849132735,551.2774606083041,1.0579784898997795,1.1393614506613008,1.2207444114228225,5.2,4.63,50.8,47.7,14.0,Estonia_2004_Male
Estonia,2005,Male,629820.0,3407.880252890087,0.0015820627112744,541.0879700374848,1.0579784898997795,1.1393614506613008,1.2207444114228225,5.1,4.75,50.6,,,Estonia_2005_Male
Estonia,2006,Male,626095.0,3318.17093917815,0.0015511838802132,529.9788273629641,1.0579784898997795,1.1393614506613008,1.2207444114228225,5.1,4.87,50.4,40.5,14.9,Estonia_2006_Male
Estonia,2007,Male,623155.0,3226.387741979448,0.0015147449609604,517.7504380097164,1.0579784898997795,1.1393614506613008,1.2207444114228225,5.1,5.0,50.2,,,Estonia_2007_Male
Estonia,2008,Male,621685.0,3143.351615807955,0.0014815585494594,505.6180567020204,1.0579784898997795,1.1393614506613008,1.2207444114228225,5.1,5.14,49.9,38.6,17.5,Estonia_2008_Male
Estonia,2009,Male,621060.0,3061.1938679582418,0.0014461093345778,492.8982494377744,1.0579784898997795,1.1393614506613008,1.2207444114228225,5.1,5.28,49.6,,,Estonia_2009_Male
Estonia,2010,Male,620250.0,2979.469826134126,0.0014116184989957,480.3659534275092,1.0579784898997795,1.1393614506613008,1.2207444114228225,5.1,5.43,49.2,36.8,17.0,Estonia_2010_Male
Estonia,2011,Male,618919.0,2901.4833165054374,0.0013805576016862,468.7985530425528,1.0579784898997795,1.1393614506613008,1.2207444114228225,5.1,5.59,48.9,,,Estonia_2011_Male
Estonia,2012,Male,617153.0,2829.330840082077,0.0013554931024427,458.4488514326394,1.0579784898997795,1.1393614506613008,1.2207444114228225,5.0,5.76,48.5,36.2,18.6,Estonia_2012_Male
Estonia,2013,Male,615543.0,2743.0867197360462,0.0013224826811218,445.6368961609581,1.0579784898997795,1.1393614506613008,1.2207444114228225,5.0,5.93,48.1,,,Estonia_2013_Male
Estonia,2014,Male,614654.0,2666.4308505902554,0.0012920972606831,433.81005420777467,1.0579784898997795,1.1393614506613008,1.2207444114228225,5.0,6.12,47.8,31.4,17.4,Estonia_2014_Male
Estonia,2015,Male,615549.0,2588.592920829225,0.0012579360415358,420.5340144861295,1.0579784898997795,1.1393614506613008,1.2207444114228225,5.0,6.32,47.4,,,Estonia_2015_Male
Estonia,2016,Male,617123.0,2534.183940625945,0.0012324979377206,410.64486992478726,1.0579784898997795,1.1393614506613008,1.2207444114228225,5.0,6.54,47.0,29.9,19.8,Estonia_2016_Male
Estonia,2017,Male,619311.0,2484.4877554604745,0.0012085329396344,401.16964747283265,1.0579784898997795,1.1393614506613008,1.2207444114228225,5.0,6.77,46.6,,,Estonia_2017_Male
Estonia,2018,Male,623360.0,2436.0078170327,0.0011838399339554,390.7866749603279,1.0579784898997795,1.1393614506613008,1.2207444114228225,4.9,7.03,46.2,23.4,21.2,Estonia_2018_Male
Hungary,2000,Male,4858099.0,44143.7666960964,0.0027669948660266,908.6633824484927,1.0579784898997795,1.1393614506613008,1.2207444114228225,5.3,8.09,55.7,38.2,18.0,Hungary_2000_Male
Hungary,2001,Male,4843999.0,43490.62708952287,0.0027616828052599,897.8248568904097,1.0579784898997795,1.1393614506613008,1.2207444114228225,5.3,8.23,55.9,,,Hungary_2001_Male
Hungary,2002,Male,4827719.0,42859.07662714127,0.0027860939891339,887.7707386685363,1.0579784898997795,1.1393614506613008,1.2207444114228225,5.3,8.38,56.0,,,Hungary_2002_Male
Hungary,2003,Male,4811287.0,42191.909929843554,0.0028191163262796,876.9360449676678,1.0579784898997795,1.1393614506613008,1.2207444114228225,5.3,8.54,56.2,36.9,19.6,Hungary_2003_Male
Hungary,2004,Male,4798611.0,41387.83696583973,0.0028305438055714,862.4961882894806,1.0579784898997795,1.1393614506613008,1.2207444114228225,5.2,8.7,56.4,,,Hungary_2004_Male
Hungary,2005,Male,4788845.0,40572.44037488701,0.0028100410409687,847.2280972737061,1.0579784898997795,1.1393614506613008,1.2207444114228225,5.2,8.87,56.5,,,Hungary_2005_Male
Hungary,2006,Male,4781833.0,39422.835986587175,0.0027427673332736,824.4293764877857,1.0579784898997795,1.1393614506613008,1.2207444114228225,5.2,9.04,56.7,,,Hungary_2006_Male
Hungary,2007,Male,4774319.0,38100.87084851783,0.0026602636734025,798.0378112253879,1.0579784898997795,1.1393614506613008,1.2207444114228225,5.2,9.22,56.8,,,Hungary_2007_Male
Hungary,2008,Male,4766303.0,36649.34203219715,0.0025669020365289,768.9259795736266,1.0579784898997795,1.1393614506613008,1.2207444114228225,5.1,9.41,56.8,,,Hungary_2008_Male
Hungary,2009,Male,4759971.0,35213.72792591882,0.0024716741889863,739.7887072404185,1.0579784898997795,1.1393614506613008,1.2207444114228225,5.1,9.61,56.9,31.9,26.3,Hungary_2009_Male
Hungary,2010,Male,4750400.0,33923.59988121409,0.0023893892061058,714.1209136328328,1.0579784898997795,1.1393614506613008,1.2207444114228225,5.1,9.82,56.8,,,Hungary_2010_Male
Hungary,2011,Male,4734284.0,32453.79506364077,0.0022953683494006,685.5058772063688,1.0579784898997795,1.1393614506613008,1.2207444114228225,5.1,10.03,56.8,,,Hungary_2011_Male
Iceland,2000,Male,140766.0,600.6204236928744,0.0012231626658491,426.68003899583306,1.0579784898997795,1.1393614506613008,1.2207444114228225,5.4,5.02,37.0,22.8,,Iceland_2000_Male
Iceland,2001,Male,142663.0,603.8448887437075,0.0012153073610773,423.26664148637525,1.0579784898997795,1.1393614506613008,1.2207444114228225,5.4,5.1,36.9,23.7,,Iceland_2001_Male
Iceland,2002,Male,143863.0,603.7029120584084,0.0012043378455237,419.63737170669896,1.0579784898997795,1.1393614506613008,1.2207444114228225,5.3,5.17,36.8,21.9,12.4,Iceland_2002_Male
Iceland,2003,Male,144847.0,616.2969922097468,0.0012215193159671,425.4813646190441,1.0579784898997795,1.1393614506613008,1.2207444114228225,5.2,5.25,36.8,24.9,,Iceland_2003_Male
Iceland,2004,Male,146288.0,620.8157739451066,0.0012217416644474,424.37915204603695,1.0579784898997795,1.1393614506613008,1.2207444114228225,5.2,5.32,36.7,21.1,,Iceland_2004_Male
Iceland,2005,Male,149182.0,623.5853845191372,0.0012108099997074,418.0030999176423,1.0579784898997795,1.1393614506613008,1.2207444114228225,5.1,5.39,36.5,19.3,,Iceland_2005_Male
Iceland,2006,Male,153891.0,634.5058373326453,0.0012019662859412,412.30860630748083,1.0579784898997795,1.1393614506613008,1.2207444114228225,5.1,5.45,36.3,20.7,,Iceland_2006_Male
Iceland,2007,Male,158737.0,643.5225224313893,0.001182761210891,405.40171631780197,1.0579784898997795,1.1393614506613008,1.2207444114228225,5.0,5.51,36.1,20.4,18.9,Iceland_2007_Male
Iceland,2008,Male,161476.0,636.8305768598582,0.0011419932005503,394.38094630772264,1.0579784898997795,1.1393614506613008,1.2207444114228225,5.0,5.57,35.9,20.1,,Iceland_2008_Male
Iceland,2009,Male,161007.0,650.4855289053268,0.001151603997609,404.0107131400043,1.0579784898997795,1.1393614506613008,1.2207444114228225,5.0,5.63,35.5,15.7,,Iceland_2009_Male
Iceland,2010,Male,159975.0,649.4032880363474,0.0011504656350482,405.9404832232208,1.0579784898997795,1.1393614506613008,1.2207444114228225,4.9,5.68,35.2,14.5,22.7,Iceland_2010_Male
Korea,2000,Male,23666769.0,,,,1.0579784898997795,1.1393614506613008,1.2207444114228225,,,,,,Korea_2000_Male
Korea,2001,Male,23854971.0,,,,1.0579784898997795,1.1393614506613008,1.2207444114228225,,,,52.9,2.9,Korea_2001_Male
Korea,2002,Male,23991377.0,,,,1.0579784898997795,1.1393614506613008,1.2207444114228225,,,,,,Korea_2002_Male
Korea,2003,Male,24120872.0,,,,1.0579784898997795,1.1393614506613008,1.2207444114228225,,,,,,Korea_2003_Male
Korea,2004,Male,24210740.0,,,,1.0579784898997795,1.1393614506613008,1.2207444114228225,,,,,,Korea_2004_Male
Korea,2005,Male,24243234.0,,,,1.0579784898997795,1.1393614506613008,1.2207444114228225,,,,47.3,3.6,Korea_2005_Male
Korea,2006,Male,24369561.0,,,,1.0579784898997795,1.1393614506613008,1.2207444114228225,,,,,,Korea_2006_Male
Korea,2007,Male,24491190.0,,,,1.0579784898997795,1.1393614506613008,1.2207444114228225,,,,43.0,3.9,Korea_2007_Male
Korea,2008,Male,24671648.0,,,,1.0579784898997795,1.1393614506613008,1.2207444114228225,,,,45.3,4.0,Korea_2008_Male
Korea,2009,Male,24774341.0,,,,1.0579784898997795,1.1393614506613008,1.2207444114228225,,,,44.3,3.6,Korea_2009_Male
Korea,2010,Male,24881114.0,,,,1.0579784898997795,1.1393614506613008,1.2207444114228225,,,,40.8,3.6,Korea_2010_Male
Korea,2011,Male,25069867.0,,,,1.0579784898997795,1.1393614506613008,1.2207444114228225,,,,41.6,4.0,Korea_2011_Male
Korea,2012,Male,25187380.0,,,,1.0579784898997795,1.1393614506613008,1.2207444114228225,,,,37.6,4.4,Korea_2012_Male
Korea,2013,Male,25285319.0,,,,1.0579784898997795,1.1393614506613008,1.2207444114228225,,,,36.2,5.1,Korea_2013_Male
Korea,2014,Male,25445077.0,,,,1.0579784898997795,1.1393614506613008,1.2207444114228225,,,,36.6,4.8,Korea_2014_Male
Korea,2015,Male,25585894.0,,,,1.0579784898997795,1.1393614506613008,1.2207444114228225,,,,31.4,6.1,Korea_2015_Male
Korea,2016,Male,25670949.0,,,,1.0579784898997795,1.1393614506613008,1.2207444114228225,,,,32.9,6.0,Korea_2016_Male
Korea,2017,Male,25736793.0,,,,1.0579784898997795,1.1393614506613008,1.2207444114228225,,,,31.6,5.4,Korea_2017_Male
Latvia,2000,Male,1089926.0,10319.80653972129,0.0025515495018265,946.8355227530392,1.0579784898997795,1.1393614506613008,1.2207444114228225,5.4,5.76,52.3,,8.0,Latvia_2000_Male
Latvia,2001,Male,1074607.0,10152.548562532098,0.0025640914311755,944.7685118868663,1.0579784898997795,1.1393614506613008,1.2207444114228225,5.4,5.88,52.3,,,Latvia_2001_Male
Latvia,2002,Male,1060538.0,9899.433745472255,0.0025561581900318,933.435081578619,1.0579784898997795,1.1393614506613008,1.2207444114228225,5.4,6.01,52.4,,9.5,Latvia_2002_Male
Latvia,2003,Male,1049645.0,9608.036858600552,0.0025369569227566,915.3606084533868,1.0579784898997795,1.1393614506613008,1.2207444114228225,5.4,6.14,52.4,,,Latvia_2003_Male
Latvia,2004,Male,1038288.0,9294.410739544111,0.0025039848015115,895.1669228137193,1.0579784898997795,1.1393614506613008,1.2207444114228225,5.4,6.28,52.4,,11.9,Latvia_2004_Male
Latvia,2005,Male,1027084.0,8999.865562777833,0.0024717914951256,876.254090490927,1.0579784898997795,1.1393614506613008,1.2207444114228225,5.3,6.42,52.4,,,Latvia_2005_Male
Latvia,2006,Male,1017922.0,8753.183900032023,0.0024378294139744,859.9071343415334,1.0579784898997795,1.1393614506613008,1.2207444114228225,5.3,6.56,52.4,,12.3,Latvia_2006_Male
Latvia,2007,Male,1010417.0,8540.381935420282,0.0024124633236286,845.2333972429485,1.0579784898997795,1.1393614506613008,1.2207444114228225,5.3,6.71,52.3,,,Latvia_2007_Male
Latvia,2008,Male,999848.0,8325.834630209516,0.0023780737373382,832.7100349462635,1.0579784898997795,1.1393614506613008,1.2207444114228225,5.3,6.85,52.1,46.3,16.2,Latvia_2008_Male
Latvia,2009,Male,981789.0,8123.276922116737,0.0023480781005317,827.395389652638,1.0579784898997795,1.1393614506613008,1.2207444114228225,5.3,7.01,52.0,,,Latvia_2009_Male
Latvia,2010,Male,959434.0,7879.831745597714,0.002309366816486,821.3000316434183,1.0579784898997795,1.1393614506613008,1.2207444114228225,5.3,7.16,51.7,,13.0,Latvia_2010_Male
Latvia,2011,Male,941374.0,7586.3060458413,0.0022539275795773,805.8758841694481,1.0579784898997795,1.1393614506613008,1.2207444114228225,5.3,7.32,51.5,,,Latvia_2011_Male
Latvia,2012,Male,930697.0,7275.360832317743,0.0021924800147808,781.7110007142758,1.0579784898997795,1.1393614506613008,1.2207444114228225,5.2,7.48,51.2,,16.4,Latvia_2012_Male
Latvia,2013,Male,921810.0,6939.149110006829,0.0021201513449713,752.7743363607282,1.0579784898997795,1.1393614506613008,1.2207444114228225,5.2,7.65,50.9,,,Latvia_2013_Male
Latvia,2014,Male,914131.0,6612.892597493621,0.0020451571544541,723.4075419708577,1.0579784898997795,1.1393614506613008,1.2207444114228225,5.2,7.83,50.5,37.0,16.1,Latvia_2014_Male
Latvia,2015,Male,907748.0,6334.148264902205,0.0019777239037082,697.7870802141348,1.0579784898997795,1.1393614506613008,1.2207444114228225,5.2,8.02,50.2,,,Latvia_2015_Male
Latvia,2016,Male,899991.0,6089.51801067542,0.0019165987882062,676.6198784960537,1.0579784898997795,1.1393614506613008,1.2207444114228225,5.2,8.23,49.9,,19.1,Latvia_2016_Male
Latvia,2017,Male,892662.0,5833.607556727831,0.001852237260529,653.5068768165141,1.0579784898997795,1.1393614506613008,1.2207444114228225,5.1,8.45,49.6,,18.4,Latvia_2017_Male
Latvia,2018,Male,887272.0,5592.975301828661,0.0017924699876405,630.356339637525,1.0579784898997795,1.1393614506613008,1.2207444114228225,5.1,8.69,49.2,,19.5,Latvia_2018_Male
Lithuania,2000,Male,1637611.0,12740.493502521796,0.0021457183886857,777.9926675212731,1.0579784898997795,1.1393614506613008,1.2207444114228225,5.5,6.99,59.6,,,Lithuania_2000_Male
Lithuania,2001,Male,1622242.0,12881.0850945264,0.0022041821502261,794.0298114909119,1.0579784898997795,1.1393614506613008,1.2207444114228225,5.5,7.17,59.5,,,Lithuania_2001_Male
Lithuania,2002,Male,1607326.0,13049.18217439954,0.0022752269041879,811.8565975041491,1.0579784898997795,1.1393614506613008,1.2207444114228225,5.5,7.34,59.5,,,Lithuania_2002_Male
Lithuania,2003,Male,1592558.0,13210.191846615571,0.0023504419080183,829.4951798688381,1.0579784898997795,1.1393614506613008,1.2207444114228225,5.5,7.52,59.4,,,Lithuania_2003_Male
Lithuania,2004,Male,1573141.0,13369.345758918344,0.0024271007050341,849.85044308923,1.0579784898997795,1.1393614506613008,1.2207444114228225,5.4,7.7,59.3,,,Lithuania_2004_Male
Lithuania,2005,Male,1545364.0,13482.824915095583,0.0024944828836384,872.4691991722069,1.0579784898997795,1.1393614506613008,1.2207444114228225,5.4,7.88,59.2,42.1,11.4,Lithuania_2005_Male
Lithuania,2006,Male,1517629.0,13477.568157303513,0.0025370410581536,888.0673838799544,1.0579784898997795,1.1393614506613008,1.2207444114228225,5.4,8.06,59.1,,,Lithuania_2006_Male
Lithuania,2007,Male,1497107.0,13378.470851988062,0.002558762849188,893.6215549047638,1.0579784898997795,1.1393614506613008,1.2207444114228225,5.4,8.24,58.9,,,Lithuania_2007_Male
Lithuania,2008,Male,1480386.0,13226.604662799657,0.0025645539613487,893.4564811339513,1.0579784898997795,1.1393614506613008,1.2207444114228225,5.3,8.41,58.6,,,Lithuania_2008_Male
Lithuania,2009,Male,1461776.0,13047.349174701483,0.0025699527784616,892.5682987476523,1.0579784898997795,1.1393614506613008,1.2207444114228225,5.3,8.58,58.3,,,Lithuania_2009_Male
Lithuania,2010,Male,1428711.0,12867.840236947206,0.0025727227229798,900.6608220239926,1.0579784898997795,1.1393614506613008,1.2207444114228225,5.3,8.75,58.0,,,Lithuania_2010_Male
Lithuania,2011,Male,1395367.0,12632.713288530093,0.0025681929905416,905.3326679310957,1.0579784898997795,1.1393614506613008,1.2207444114228225,5.3,8.91,57.6,,,Lithuania_2011_Male
Lithuania,2012,Male,1376201.0,12347.740720665475,0.0025550462387194,897.2338140043116,1.0579784898997795,1.1393614506613008,1.2207444114228225,5.3,9.07,57.2,,,Lithuania_2012_Male
Lithuania,2013,Male,1362443.0,12058.501237088069,0.0025390041204606,885.0646402886631,1.0579784898997795,1.1393614506613008,1.2207444114228225,5.2,9.24,56.8,,,Lithuania_2013_Male
Lithuania,2014,Male,1351126.0,11702.2882308952,0.0025047042802241,866.1137622172322,1.0579784898997795,1.1393614506613008,1.2207444114228225,5.2,9.41,56.3,33.9,13.4,Lithuania_2014_Male
Lithuania,2015,Male,1337932.0,11318.527905125226,0.0024565554337426,845.9718360219522,1.0579784898997795,1.1393614506613008,1.2207444114228225,5.2,9.58,55.8,,,Lithuania_2015_Male
Lithuania,2016,Male,1320897.0,10897.689730112905,0.002394713300404,825.0219154190603,1.0579784898997795,1.1393614506613008,1.2207444114228225,5.2,9.77,55.4,,,Lithuania_2016_Male
Lithuania,2017,Male,1304740.0,10376.95267243868,0.0023066309003716,795.3272431625212,1.0579784898997795,1.1393614506613008,1.2207444114228225,5.2,9.98,54.9,,15.5,Lithuania_2017_Male
Lithuania,2018,Male,1296442.0,9883.036437784043,0.0022156633382241,762.3199832915042,1.0579784898997795,1.1393614506613008,1.2207444114228225,5.1,10.2,54.5,,,Lithuania_2018_Male
Luxembourg,2000,Male,214955.0,581.0963255412172,0.0007604673725102,270.33394223963955,1.0579784898997795,1.1393614506613008,1.2207444114228225,5.4,5.91,46.7,,,Luxembourg_2000_Male
Luxembourg,2001,Male,217561.0,579.6921658833169,0.0007489860971733,266.450405120089,1.0579784898997795,1.1393614506613008,1.2207444114228225,5.3,6.01,46.6,29.0,,Luxembourg_2001_Male
Luxembourg,2002,Male,219913.0,577.3301539612013,0.0007380128034211,262.52661459813714,1.0579784898997795,1.1393614506613008,1.2207444114228225,5.3,6.11,46.6,30.0,,Luxembourg_2002_Male
Luxembourg,2003,Male,222856.0,581.3678287982962,0.0007349295094027,260.8715173916323,1.0579784898997795,1.1393614506613008,1.2207444114228225,5.3,6.21,46.5,34.0,,Luxembourg_2003_Male
Luxembourg,2004,Male,226432.0,580.6761519984684,0.0007244494728611,256.44615248660455,1.0579784898997795,1.1393614506613008,1.2207444114228225,5.2,6.3,46.4,30.0,,Luxembourg_2004_Male
Luxembourg,2005,Male,230127.0,583.072221622915,0.0007169111271134,253.36975740478735,1.0579784898997795,1.1393614506613008,1.2207444114228225,5.2,6.4,46.2,27.0,,Luxembourg_2005_Male
Luxembourg,2006,Male,233946.0,587.8595234468921,0.0007117098918647,251.28000626080043,1.0579784898997795,1.1393614506613008,1.2207444114228225,5.2,6.48,46.0,24.0,,Luxembourg_2006_Male
Luxembourg,2007,Male,237701.0,593.0108928105237,0.0007067896936158,249.477660089997,1.0579784898997795,1.1393614506613008,1.2207444114228225,5.1,6.57,45.6,24.0,,Luxembourg_2007_Male
Luxembourg,2008,Male,242221.0,594.6280811100676,0.0006971222828639,245.4898960495034,1.0579784898997795,1.1393614506613008,1.2207444114228225,5.1,6.64,45.2,23.0,,Luxembourg_2008_Male
Luxembourg,2009,Male,247122.0,601.5592325276161,0.0006922721974178,243.42601327587838,1.0579784898997795,1.1393614506613008,1.2207444114228225,5.1,6.71,44.7,22.0,,Luxembourg_2009_Male
Luxembourg,2010,Male,252014.0,610.3490557738676,0.0006898794646091,242.18855133995237,1.0579784898997795,1.1393614506613008,1.2207444114228225,5.0,6.77,44.1,20.9,,Luxembourg_2010_Male
Luxembourg,2011,Male,258222.0,627.880601206742,0.0006958798548068,243.15534741685138,1.0579784898997795,1.1393614506613008,1.2207444114228225,5.0,6.82,43.4,18.4,,Luxembourg_2011_Male
Luxembourg,2012,Male,265121.0,638.4196988070919,0.0006927713062949,240.80314226601888,1.0579784898997795,1.1393614506613008,1.2207444114228225,5.0,6.87,42.6,18.4,,Luxembourg_2012_Male
Luxembourg,2013,Male,271763.0,652.1462577865104,0.0006919804631961,239.9687440109619,1.0579784898997795,1.1393614506613008,1.2207444114228225,4.9,6.9,41.8,17.6,,Luxembourg_2013_Male
Luxembourg,2014,Male,278546.0,673.4713280142887,0.0006984435496,241.78100852795902,1.0579784898997795,1.1393614506613008,1.2207444114228225,4.9,6.94,40.9,17.0,16.8,Luxembourg_2014_Male
Luxembourg,2015,Male,285584.0,685.9601046679661,0.0006959003677785,240.1955658117983,1.0579784898997795,1.1393614506613008,1.2207444114228225,4.9,6.97,40.0,16.0,,Luxembourg_2015_Male
Luxembourg,2016,Male,292915.0,692.6811834819737,0.000687970779869,236.47856322891406,1.0579784898997795,1.1393614506613008,1.2207444114228225,4.8,7.0,39.1,17.3,,Luxembourg_2016_Male
Luxembourg,2017,Male,299613.0,683.0803591301128,0.0006662832977326,227.98755699189047,1.0579784898997795,1.1393614506613008,1.2207444114228225,4.8,7.03,38.2,18.1,17.8,Luxembourg_2017_Male
Luxembourg,2018,Male,305652.0,666.184039592161,0.0006396762392706,217.95507295622505,1.0579784898997795,1.1393614506613008,1.2207444114228225,4.8,7.06,37.4,15.7,,Luxembourg_2018_Male
Poland,2001,Male,18531251.0,96685.8753177225,0.0016225758239248,521.7449988547589,1.0579784898997795,1.1393614506613008,1.2207444114228225,5.2,5.91,49.5,37.0,,Poland_2001_Male
Poland,2002,Male,18517179.0,96120.13032888876,0.0016204198915424,519.0862513609052,1.0579784898997795,1.1393614506613008,1.2207444114228225,5.2,6.01,49.7,,,Poland_2002_Male
Poland,2003,Male,18492950.0,95938.26530551734,0.001624006572182,518.7829162222217,1.0579784898997795,1.1393614506613008,1.2207444114228225,5.2,6.13,50.0,,,Poland_2003_Male
Poland,2004,Male,18478368.0,96167.29555916392,0.0016325006023776,520.431758687585,1.0579784898997795,1.1393614506613008,1.2207444114228225,5.2,6.27,50.3,33.9,12.6,Poland_2004_Male
Poland,2005,Male,18460730.0,97243.40004202766,0.0016571186378097,526.7581511783535,1.0579784898997795,1.1393614506613008,1.2207444114228225,5.2,6.43,50.7,,,Poland_2005_Male
Poland,2006,Male,18436101.0,99309.2498713004,0.0016967828125398,538.6673129600473,1.0579784898997795,1.1393614506613008,1.2207444114228225,5.2,6.62,51.1,,,Poland_2006_Male
Poland,2007,Male,18417074.0,102440.82565228557,0.001754252925432,556.227474854505,1.0579784898997795,1.1393614506613008,1.2207444114228225,5.2,6.82,51.5,,,Poland_2007_Male
Poland,2008,Male,18408405.0,105858.31098640656,0.0018154356932149,575.0542265145001,1.0579784898997795,1.1393614506613008,1.2207444114228225,5.1,7.04,51.8,,17.3,Poland_2008_Male
Poland,2009,Male,18423343.0,108822.66994638932,0.0018695552293499,590.6781953003281,1.0579784898997795,1.1393614506613008,1.2207444114228225,5.1,7.29,52.2,30.9,16.6,Poland_2009_Male
Poland,2010,Male,18647604.0,110855.98598612208,0.0019067408948012,594.4784433760072,1.0579784898997795,1.1393614506613008,1.2207444114228225,5.1,7.55,52.5,,,Poland_2010_Male
Poland,2011,Male,18650105.0,110947.14423363308,0.0019109584311235,594.8875045670417,1.0579784898997795,1.1393614506613008,1.2207444114228225,5.1,7.83,52.8,,,Poland_2011_Male
Poland,2012,Male,18651441.0,109320.18602117272,0.0018914262662045,586.1219303171949,1.0579784898997795,1.1393614506613008,1.2207444114228225,5.1,8.14,53.1,,,Poland_2012_Male
Poland,2013,Male,18634367.0,106647.34514008967,0.0018532527075272,572.315363006909,1.0579784898997795,1.1393614506613008,1.2207444114228225,5.1,8.46,53.5,,,Poland_2013_Male
Poland,2014,Male,18623041.0,104062.43970977842,0.0018156659046686,558.7832820095194,1.0579784898997795,1.1393614506613008,1.2207444114228225,5.0,8.81,53.8,28.8,18.1,Poland_2014_Male
Poland,2015,Male,18607417.0,102872.4299701774,0.001799206236343,552.8571212768403,1.0579784898997795,1.1393614506613008,1.2207444114228225,5.0,9.19,54.1,,,Poland_2015_Male
Poland,2016,Male,18591628.0,102483.27495103852,0.001796986522996,551.2334635301359,1.0579784898997795,1.1393614506613008,1.2207444114228225,5.0,9.58,54.5,,,Poland_2016_Male
Poland,2017,Male,18588740.0,102129.09671918344,0.0017954860687443,549.4137672547114,1.0579784898997795,1.1393614506613008,1.2207444114228225,5.0,10.0,54.8,,17.9,Poland_2017_Male
Poland,2018,Male,18583636.0,101686.75187282708,0.0017932992657496,547.1843716311871,1.0579784898997795,1.1393614506613008,1.2207444114228225,5.0,10.44,55.1,,,Poland_2018_Male
Spain,2000,Male,19868636.0,55106.05832336873,0.0007754041871418,277.3519949903392,1.0579784898997795,1.1393614506613008,1.2207444114228225,5.2,8.93,40.4,,,Spain_2000_Male
Spain,2001,Male,19973044.0,56471.313719669015,0.0007827409091233,282.73764239276204,1.0579784898997795,1.1393614506613008,1.2207444114228225,5.2,9.07,40.6,39.2,11.8,Spain_2001_Male
Spain,2002,Male,20326854.0,57956.85146188053,0.0007893803033056,285.12455228871386,1.0579784898997795,1.1393614506613008,1.2207444114228225,5.2,9.14,40.8,,,Spain_2002_Male
Spain,2003,Male,20737999.0,59647.55409352412,0.000797118710127,287.6244429056252,1.0579784898997795,1.1393614506613008,1.2207444114228225,5.1,9.14,40.9,34.2,12.9,Spain_2003_Male
Spain,2004,Male,21093052.0,60905.99380275397,0.0007986773125605,288.7490809900529,1.0579784898997795,1.1393614506613008,1.2207444114228225,5.1,9.08,40.9,,,Spain_2004_Male
Spain,2005,Male,21541965.0,62157.25310396672,0.0008008252423944,288.5403123808191,1.0579784898997795,1.1393614506613008,1.2207444114228225,5.1,8.97,40.8,,,Spain_2005_Male
Spain,2006,Male,21900709.0,62096.41360547333,0.0007858242210859,283.53608828587846,1.0579784898997795,1.1393614506613008,1.2207444114228225,5.1,8.82,40.6,31.6,15.1,Spain_2006_Male
Spain,2007,Male,22362074.0,60438.016462383566,0.0007510977455267,270.27017468229275,1.0579784898997795,1.1393614506613008,1.2207444114228225,5.0,8.62,40.3,,,Spain_2007_Male
Spain,2008,Male,22756864.0,57730.4911855059,0.0007048974497608,253.68386077056093,1.0579784898997795,1.1393614506613008,1.2207444114228225,5.0,8.38,39.9,,,Spain_2008_Male
Spain,2009,Male,22934502.0,54850.0279237421,0.0006610225081477,239.15944598989807,1.0579784898997795,1.1393614506613008,1.2207444114228225,5.0,8.13,39.4,31.2,16.9,Spain_2009_Male
Spain,2010,Male,23008580.0,52849.474174580086,0.0006325004215139,229.69463641206926,1.0579784898997795,1.1393614506613008,1.2207444114228225,4.9,7.86,38.8,,,Spain_2010_Male
Spain,2011,Male,23073274.0,51646.68348931042,0.0006191369475375,223.83768982811202,1.0579784898997795,1.1393614506613008,1.2207444114228225,4.9,7.58,38.2,27.9,17.5,Spain_2011_Male
Türkiye,2000,Male,32163424.0,85881.32876932042,0.0005681747701188,267.01550422405404,1.0579784898997795,1.1393614506613008,1.2207444114228225,4.6,8.68,33.1,,,Türkiye_2000_Male
Türkiye,2001,Male,32621199.0,87748.86097355199,0.0005773037140775,268.99336524556315,1.0579784898997795,1.1393614506613008,1.2207444114228225,4.6,8.97,33.0,,,Türkiye_2001_Male
Türkiye,2002,Male,33046044.0,88972.17223368835,0.000582456049084,269.2369841112853,1.0579784898997795,1.1393614506613008,1.2207444114228225,4.6,9.25,32.9,,,Türkiye_2002_Male
Türkiye,2008,Male,35638850.0,95436.11246273434,0.0006287966533964,267.78673403528546,1.0579784898997795,1.1393614506613008,1.2207444114228225,4.6,11.06,31.6,43.8,12.3,Türkiye_2008_Male
Türkiye,2009,Male,36181817.0,96922.48272354566,0.0006426122282784,267.8762172821383,1.0579784898997795,1.1393614506613008,1.2207444114228225,4.6,11.43,31.3,,,Türkiye_2009_Male
Türkiye,2010,Male,36752831.0,98709.36578239853,0.0006553004783896,268.5762241890932,1.0579784898997795,1.1393614506613008,1.2207444114228225,4.6,11.8,31.1,39.0,13.2,Türkiye_2010_Male
Türkiye,2011,Male,37288074.0,99905.1901271092,0.0006620281716435,267.92799790922214,1.0579784898997795,1.1393614506613008,1.2207444114228225,4.6,12.17,31.0,,15.3,Türkiye_2011_Male
Türkiye,2012,Male,37744565.0,100450.98434770585,0.0006644900902569,266.13363896949363,1.0579784898997795,1.1393614506613008,1.2207444114228225,4.5,12.53,30.9,37.3,13.7,Türkiye_2012_Male
Türkiye,2013,Male,38214770.0,100979.90218173116,0.0006652944751593,264.24312427297394,1.0579784898997795,1.1393614506613008,1.2207444114228225,4.5,12.9,30.8,,,Türkiye_2013_Male
Türkiye,2014,Male,38728836.0,102138.51035567232,0.0006688767901752,263.7272918702548,1.0579784898997795,1.1393614506613008,1.2207444114228225,4.5,13.28,30.8,41.8,15.3,Türkiye_2014_Male
Türkiye,2015,Male,39247750.0,104608.13931054957,0.0006768589536567,266.53283133568056,1.0579784898997795,1.1393614506613008,1.2207444114228225,4.5,13.69,30.7,,,Türkiye_2015_Male
Türkiye,2016,Male,39777423.0,107984.90964962404,0.0006874230706535,271.47286451820685,1.0579784898997795,1.1393614506613008,1.2207444114228225,4.5,14.12,30.7,40.1,15.2,Türkiye_2016_Male
Türkiye,2017,Male,40289397.0,111623.77781831087,0.000705354603788,277.0549725981525,1.0579784898997795,1.1393614506613008,1.2207444114228225,4.4,14.5,30.8,,21.6,Türkiye_2017_Male
Türkiye,2018,Male,40837562.0,115652.30837556448,0.0007262381929074,283.20081491535774,1.0579784898997795,1.1393614506613008,1.2207444114228225,4.4,14.81,30.8,,,Türkiye_2018_Male
United Kingdom,2000,Male,28690450.0,125941.22072944744,0.0012106570387826,438.9656513907849,1.0579784898997795,1.1393614506613008,1.2207444114228225,,,,28.5,21.0,United Kingdom_2000_Male
United Kingdom,2001,Male,28832264.0,124073.23970468753,0.0011917357881928,430.3277734439707,1.0579784898997795,1.1393614506613008,1.2207444114228225,,,,28.3,21.0,United Kingdom_2001_Male
United Kingdom,2002,Male,28972747.0,121881.41222399304,0.0011681599259504,420.6760657661942,1.0579784898997795,1.1393614506613008,1.2207444114228225,,,,26.8,22.1,United Kingdom_2002_Male
United Kingdom,2003,Male,29125318.0,119549.34159797276,0.0011431212088104,410.465360748929,1.0579784898997795,1.1393614506613008,1.2207444114228225,,,,28.0,22.2,United Kingdom_2003_Male
United Kingdom,2004,Male,29296969.0,117240.39147772086,0.0011172029340594,400.1792522554837,1.0579784898997795,1.1393614506613008,1.2207444114228225,,,,26.4,22.7,United Kingdom_2004_Male
United Kingdom,2005,Male,29540981.0,116395.84107078718,0.0011011467334412,394.01481308554776,1.0579784898997795,1.1393614506613008,1.2207444114228225,,,,25.3,22.1,United Kingdom_2005_Male
United Kingdom,2006,Male,29761579.0,116100.4865520117,0.0010857940110721,390.1019047141676,1.0579784898997795,1.1393614506613008,1.2207444114228225,,,,23.2,23.7,United Kingdom_2006_Male
United Kingdom,2007,Male,30027882.0,116306.66769022316,0.0010718327444872,387.32890881289313,1.0579784898997795,1.1393614506613008,1.2207444114228225,,,,22.1,23.6,United Kingdom_2007_Male
United Kingdom,2008,Male,30300623.0,116549.09646969756,0.0010572829201478,384.6425747407819,1.0579784898997795,1.1393614506613008,1.2207444114228225,,,,21.6,24.1,United Kingdom_2008_Male
United Kingdom,2009,Male,30532212.0,116580.08753770748,0.0010413184659898,381.8265363076461,1.0579784898997795,1.1393614506613008,1.2207444114228225,,,,22.0,22.1,United Kingdom_2009_Male
United Kingdom,2010,Male,30805493.0,116637.27385979278,0.0010278095789665,378.62492205462445,1.0579784898997795,1.1393614506613008,1.2207444114228225,,,,20.9,26.2,United Kingdom_2010_Male
United Kingdom,2011,Male,31097259.0,116029.40185458996,0.0010103800914418,373.1177781764944,1.0579784898997795,1.1393614506613008,1.2207444114228225,,,,21.0,23.6,United Kingdom_2011_Male
Belgium,2000,Female,5239236.0,16042.845158807431,0.000761752397177,306.20581242775535,0.9076274377991981,0.7779663752564555,0.648305312713713,5.3,3.24,31.0,,,Belgium_2000_Female
Belgium,2001,Female,5256414.0,16024.924138025008,0.0007536829215609,304.86419330792836,0.9076274377991981,0.7779663752564555,0.648305312713713,5.3,3.25,30.9,19.9,12.7,Belgium_2001_Female
Belgium,2002,Female,5278201.0,15876.606451725753,0.000738628773158,300.79579106073743,0.9076274377991981,0.7779663752564555,0.648305312713713,5.2,3.28,30.8,,,Belgium_2002_Female
Belgium,2003,Female,5299099.0,15604.56120378273,0.0007183072943836,294.4757439667145,0.9076274377991981,0.7779663752564555,0.648305312713713,5.2,3.32,30.7,,,Belgium_2003_Female
Belgium,2004,Female,5321888.0,15236.923090050495,0.000694213100118,286.3067221642112,0.9076274377991981,0.7779663752564555,0.648305312713713,5.1,3.37,30.6,19.7,13.5,Belgium_2004_Female
Belgium,2005,Female,5351045.0,15280.642086012387,0.0006897515172724,285.5636999130523,0.9076274377991981,0.7779663752564555,0.648305312713713,5.1,3.43,30.4,,,Belgium_2005_Female
Belgium,2006,Female,5385342.0,15348.806310910306,0.0006889453305936,285.0107998881093,0.9076274377991981,0.7779663752564555,0.648305312713713,5.1,3.5,30.2,,,Belgium_2006_Female
Belgium,2007,Female,5422631.0,15516.717879856837,0.0006907342769739,286.14740482722937,0.9076274377991981,0.7779663752564555,0.648305312713713,5.0,3.58,30.0,,,Belgium_2007_Female
Belgium,2008,Female,5463280.0,15692.438068936724,0.0006925662872006,287.23473936786553,0.9076274377991981,0.7779663752564555,0.648305312713713,5.0,3.67,29.8,17.7,14.7,Belgium_2008_Female
Belgium,2009,Female,5506059.0,15774.542564421146,0.0006906260949246,286.4942523213272,0.9076274377991981,0.7779663752564555,0.648305312713713,5.0,3.76,29.6,,,Belgium_2009_Female
Belgium,2010,Female,5554362.0,15885.16774141974,0.0006895270349481,285.9944623958565,0.9076274377991981,0.7779663752564555,0.648305312713713,4.9,3.86,29.4,,,Belgium_2010_Female
Belgium,2011,Female,5601588.0,15429.304733665624,0.0006644573586669,275.4451904293144,0.9076274377991981,0.7779663752564555,0.648305312713713,4.9,3.98,29.1,,,Belgium_2011_Female
Belgium,2012,Female,5637105.0,14469.034376236788,0.0006166478082663,256.6749133861581,0.9076274377991981,0.7779663752564555,0.648305312713713,4.9,4.1,28.7,,,Belgium_2012_Female
Belgium,2013,Female,5664133.0,13046.2066031872,0.0005531993845581,230.33016002956145,0.9076274377991981,0.7779663752564555,0.648305312713713,4.9,4.25,28.4,16.4,13.9,Belgium_2013_Female
Belgium,2014,Female,5690077.0,11659.24492234753,0.00049106348691,204.90487074863012,0.9076274377991981,0.7779663752564555,0.648305312713713,4.8,4.42,28.0,,19.2,Belgium_2014_Female
Belgium,2015,Female,5717162.0,10881.413878695268,0.0004566297802826,190.3289408048131,0.9076274377991981,0.7779663752564555,0.648305312713713,4.8,4.62,27.6,,,Belgium_2015_Female
Belgium,2016,Female,5742234.0,10213.69642540756,0.0004276485269141,177.86973546197453,0.9076274377991981,0.7779663752564555,0.648305312713713,4.8,4.84,27.2,,,Belgium_2016_Female
Belgium,2017,Female,5766124.0,9744.796664249185,0.0004086898477191,169.00081691356593,0.9076274377991981,0.7779663752564555,0.648305312713713,4.7,5.08,26.8,,,Belgium_2017_Female
Belgium,2018,Female,5790674.0,9353.344171821696,0.0003928616235623,161.52427458050127,0.9076274377991981,0.7779663752564555,0.648305312713713,4.7,5.35,26.5,12.1,22.6,Belgium_2018_Female
Chile,2000,Female,7794828.0,10255.169200024238,0.0002499197961041,131.5637651019912,0.9076274377991981,0.7779663752564555,0.648305312713713,5.0,8.1,36.4,,3.3,Chile_2000_Female
Chile,2001,Female,7884154.0,10555.654982620532,0.0002556813859673,133.88443430481612,0.9076274377991981,0.7779663752564555,0.648305312713713,5.0,8.32,36.7,,,Chile_2001_Female
Chile,2002,Female,7971000.0,10604.83335372401,0.0002555162140904,133.04269669707705,0.9076274377991981,0.7779663752564555,0.648305312713713,5.0,8.55,36.9,,,Chile_2002_Female
Chile,2003,Female,8054716.0,10866.267388451208,0.0002601480794599,134.90565512739627,0.9076274377991981,0.7779663752564555,0.648305312713713,5.0,8.78,37.0,28.5,29.3,Chile_2003_Female
Chile,2004,Female,8138515.0,11048.96950140508,0.0002630418650536,135.76149336095196,0.9076274377991981,0.7779663752564555,0.648305312713713,5.0,9.04,37.2,,,Chile_2004_Female
Chile,2005,Female,8220438.0,11105.946152165174,0.0002632870801104,135.10163512169513,0.9076274377991981,0.7779663752564555,0.648305312713713,5.0,9.3,37.2,,,Chile_2005_Female
Chile,2006,Female,8303926.0,10976.444032504489,0.0002598413833297,132.18378911980295,0.9076274377991981,0.7779663752564555,0.648305312713713,4.9,9.59,37.3,,9.4,Chile_2006_Female
Chile,2007,Female,8390194.0,11039.711470856982,0.0002609158592394,131.57873907155164,0.9076274377991981,0.7779663752564555,0.648305312713713,4.9,9.89,37.2,,,Chile_2007_Female
Chile,2008,Female,8481317.0,10672.905256838618,0.000252813990965,125.84018799012722,0.9076274377991981,0.7779663752564555,0.648305312713713,4.9,10.22,37.2,,,Chile_2008_Female
Chile,2009,Female,8574065.0,10681.544785631895,0.0002528957265571,124.5797038584603,0.9076274377991981,0.7779663752564555,0.648305312713713,4.9,10.57,37.0,26.0,30.7,Chile_2009_Female
Chile,2010,Female,8666525.0,10917.115935457605,0.0002577275479149,125.96878143728432,0.9076274377991981,0.7779663752564555,0.648305312713713,4.9,10.95,36.8,,,Chile_2010_Female
Chile,2011,Female,8762836.0,11071.29959516061,0.0002612104452293,126.34379549224258,0.9076274377991981,0.7779663752564555,0.648305312713713,4.8,11.35,36.5,,,Chile_2011_Female
Chile,2012,Female,8858785.0,11272.57530649694,0.0002657924360419,127.24741944292518,0.9076274377991981,0.7779663752564555,0.648305312713713,4.8,11.77,36.1,,,Chile_2012_Female
Chile,2013,Female,8944258.0,11374.290246799135,0.0002678288063231,127.1686287090459,0.9076274377991981,0.7779663752564555,0.648305312713713,4.8,12.2,35.7,,,Chile_2013_Female
Chile,2014,Female,9033189.0,11637.62327554792,0.0002734929786512,128.83183641511232,0.9076274377991981,0.7779663752564555,0.648305312713713,4.7,12.62,35.3,,,Chile_2014_Female
Chile,2015,Female,9125974.0,11808.682696194976,0.0002771159471836,129.39640959085546,0.9076274377991981,0.7779663752564555,0.648305312713713,4.7,13.06,34.8,,12.3,Chile_2015_Female
Chile,2016,Female,9223665.0,11909.752920696845,0.0002782854079172,129.1216985948302,0.9076274377991981,0.7779663752564555,0.648305312713713,4.7,13.49,34.3,20.9,38.4,Chile_2016_Female
Chile,2017,Female,9344975.0,12054.941245960892,0.0002812794491746,128.9991813350051,0.9076274377991981,0.7779663752564555,0.648305312713713,4.6,13.92,33.9,,,Chile_2017_Female
Chile,2018,Female,9506921.0,12034.657456172725,0.0002793831388824,126.5883818343786,0.9076274377991981,0.7779663752564555,0.648305312713713,4.6,14.36,33.5,,,Chile_2018_Female
Colombia,2000,Female,19917941.0,18769.160864446967,0.0001921464265522,94.23243529261869,0.9076274377991981,0.7779663752564555,0.648305312713713,5.0,7.06,30.4,,,Colombia_2000_Female
Colombia,2001,Female,20199714.0,19396.014955555,0.0001952587001618,96.02123552618121,0.9076274377991981,0.7779663752564555,0.648305312713713,5.0,7.28,30.6,,,Colombia_2001_Female
Colombia,2002,Female,20471553.0,19919.19591970564,0.0001964692089936,97.3018310809426,0.9076274377991981,0.7779663752564555,0.648305312713713,5.0,7.52,30.7,,,Colombia_2002_Female
Colombia,2003,Female,20736272.0,20441.366749841847,0.00019785095311,98.57782898411945,0.9076274377991981,0.7779663752564555,0.648305312713713,5.0,7.78,30.8,,,Colombia_2003_Female
Colombia,2004,Female,20995899.0,20832.12967116776,0.0001986479683132,99.21999372909805,0.9076274377991981,0.7779663752564555,0.648305312713713,5.0,8.05,30.9,,,Colombia_2004_Female
Colombia,2005,Female,21241379.0,21296.797527434595,0.0002011904559572,100.26089891543575,0.9076274377991981,0.7779663752564555,0.648305312713713,5.0,8.35,31.0,,16.8,Colombia_2005_Female
Colombia,2006,Female,21499112.0,21627.85571497966,0.000203615366829,100.59883270983315,0.9076274377991981,0.7779663752564555,0.648305312713713,4.9,8.66,31.2,,,Colombia_2006_Female
Colombia,2007,Female,21750230.0,21841.80020526356,0.0002054709046011,100.4210079859549,0.9076274377991981,0.7779663752564555,0.648305312713713,4.9,8.99,31.3,,,Colombia_2007_Female
Colombia,2008,Female,21993930.0,21996.43263019002,0.0002072136609371,100.0113787312682,0.9076274377991981,0.7779663752564555,0.648305312713713,4.9,9.33,31.4,11.1,,Colombia_2008_Female
Colombia,2009,Female,22239518.0,22064.569275703318,0.0002077085848625,99.21334300367175,0.9076274377991981,0.7779663752564555,0.648305312713713,4.9,9.68,31.5,,,Colombia_2009_Female
Colombia,2010,Female,22486954.0,22356.02178100719,0.000209156801769,99.417741420235,0.9076274377991981,0.7779663752564555,0.648305312713713,4.9,10.02,31.5,,20.1,Colombia_2010_Female
Colombia,2011,Female,22726456.0,22600.08919653573,0.0002118773627067,99.44396608312236,0.9076274377991981,0.7779663752564555,0.648305312713713,4.9,10.35,31.5,,,Colombia_2011_Female
Colombia,2012,Female,22955760.0,22864.391604682874,0.0002132742607979,99.60198052551026,0.9076274377991981,0.7779663752564555,0.648305312713713,4.9,10.65,31.4,,,Colombia_2012_Female
Colombia,2013,Female,23178743.0,23189.560270056456,0.0002153667810031,100.04666892443846,0.9076274377991981,0.7779663752564555,0.648305312713713,4.9,10.91,31.4,7.4,,Colombia_2013_Female
Colombia,2014,Female,23401956.0,23657.93576359412,0.000218868540628,101.09383917991352,0.9076274377991981,0.7779663752564555,0.648305312713713,4.9,11.14,31.3,,,Colombia_2014_Female
Colombia,2015,Female,23636050.0,24141.56377034541,0.0002220880224684,102.13874048474855,0.9076274377991981,0.7779663752564555,0.648305312713713,4.9,11.32,31.1,,22.4,Colombia_2015_Female
Colombia,2016,Female,23911986.0,24477.11546571375,0.0002229712137441,102.36337318746233,0.9076274377991981,0.7779663752564555,0.648305312713713,4.9,11.47,31.0,,,Colombia_2016_Female
Colombia,2017,Female,24222239.0,25056.541220594485,0.0002303121313635,103.44436457998158,0.9076274377991981,0.7779663752564555,0.648305312713713,4.9,11.58,31.0,,,Colombia_2017_Female
Colombia,2018,Female,24685207.0,25557.992717103112,0.0002351228567818,103.53566294624595,0.9076274377991981,0.7779663752564555,0.648305312713713,4.9,11.68,30.9,,,Colombia_2018_Female
Czechia,2000,Female,5273177.0,21753.757456634125,0.0012870317309823,412.53607562640366,0.9076274377991981,0.7779663752564555,0.648305312713713,5.4,4.84,35.9,,15.0,Czechia_2000_Female
Czechia,2001,Female,5245241.0,21671.382544120235,0.0012811629570022,413.1627611413896,0.9076274377991981,0.7779663752564555,0.648305312713713,5.4,4.85,35.5,,,Czechia_2001_Female
Czechia,2002,Female,5236176.0,21399.85066610484,0.0012635490795271,408.69234850212905,0.9076274377991981,0.7779663752564555,0.648305312713713,5.3,4.87,35.2,18.1,16.1,Czechia_2002_Female
Czechia,2003,Female,5233462.0,21077.09249189192,0.0012389372984191,402.73708860199844,0.9076274377991981,0.7779663752564555,0.648305312713713,5.3,4.9,35.0,22.6,,Czechia_2003_Female
Czechia,2004,Female,5235193.0,20623.755534192784,0.0012053159176005,393.9445123454433,0.9076274377991981,0.7779663752564555,0.648305312713713,5.3,4.94,34.8,20.1,,Czechia_2004_Female
Czechia,2005,Female,5242653.0,20583.93031603546,0.0012002810014866,392.62431284381137,0.9076274377991981,0.7779663752564555,0.648305312713713,5.3,5.0,34.7,19.4,17.0,Czechia_2005_Female
Czechia,2006,Female,5253606.0,20444.795232390432,0.0011885109056736,389.15737557004525,0.9076274377991981,0.7779663752564555,0.648305312713713,5.2,5.06,34.7,19.5,,Czechia_2006_Female
Czechia,2007,Female,5274588.0,20404.913671116803,0.0011806128858292,386.85322287004794,0.9076274377991981,0.7779663752564555,0.648305312713713,5.2,5.12,34.6,18.8,,Czechia_2007_Female
Czechia,2008,Female,5316360.0,20320.82635104609,0.0011694911850966,382.2319472542508,0.9076274377991981,0.7779663752564555,0.648305312713713,5.2,5.19,34.6,18.8,21.0,Czechia_2008_Female
Czechia,2009,Female,5340983.0,20224.07162696051,0.0011580679597192,378.6582287747501,0.9076274377991981,0.7779663752564555,0.648305312713713,5.2,5.26,34.6,18.0,,Czechia_2009_Female
Czechia,2010,Female,5356465.0,19994.084090080796,0.0011406362506324,373.27013412914664,0.9076274377991981,0.7779663752564555,0.648305312713713,5.2,5.33,34.6,16.5,21.0,Czechia_2010_Female
Czechia,2011,Female,5343663.0,19718.569172904077,0.0011212035115048,369.00847177121904,0.9076274377991981,0.7779663752564555,0.648305312713713,5.1,5.4,34.5,18.8,,Czechia_2011_Female
Czechia,2012,Female,5348373.0,19454.226652003854,0.0011020611780689,363.74102277466164,0.9076274377991981,0.7779663752564555,0.648305312713713,5.1,5.46,34.4,19.6,,Czechia_2012_Female
Czechia,2013,Female,5349102.0,19074.493887073888,0.001075332452817,356.5924502294757,0.9076274377991981,0.7779663752564555,0.648305312713713,5.1,5.52,34.3,17.4,,Czechia_2013_Female
Czechia,2014,Female,5355637.0,18645.85035333439,0.0010479029830834,348.1537369566756,0.9076274377991981,0.7779663752564555,0.648305312713713,5.1,5.57,34.3,18.5,18.2,Czechia_2014_Female
Czechia,2015,Female,5362700.0,18462.76068298308,0.0010366199743807,344.28106519072634,0.9076274377991981,0.7779663752564555,0.648305312713713,5.1,5.63,34.2,14.8,,Czechia_2015_Female
Czechia,2016,Female,5372272.0,17956.989132207025,0.0010083856707736,334.25316387939824,0.9076274377991981,0.7779663752564555,0.648305312713713,5.1,5.68,34.1,15.6,,Czechia_2016_Female
Czechia,2017,Female,5381951.0,17769.781035437078,0.0009989228771508,330.1735938405436,0.9076274377991981,0.7779663752564555,0.648305312713713,5.1,5.74,34.1,14.5,,Czechia_2017_Female
Czechia,2018,Female,5396057.0,17405.984668592715,0.0009792132484062,322.56858421978706,0.9076274377991981,0.7779663752564555,0.648305312713713,5.0,5.81,34.0,17.9,,Czechia_2018_Female
Denmark,2000,Female,2699466.0,6418.501360687466,0.0005983247521687,237.7692981014566,0.9076274377991981,0.7779663752564555,0.648305312713713,5.4,2.39,34.4,29.0,9.1,Denmark_2000_Female
Denmark,2001,Female,2707833.0,6210.224436190919,0.0005756483629702,229.34296303320474,0.9076274377991981,0.7779663752564555,0.648305312713713,5.4,2.36,34.7,25.5,,Denmark_2001_Female
Denmark,2002,Female,2716914.0,5963.24102512809,0.0005505013385693,219.48582197037115,0.9076274377991981,0.7779663752564555,0.648305312713713,5.3,2.33,34.8,26.0,,Denmark_2002_Female
Denmark,2003,Female,2722648.0,5677.094717654181,0.0005219310822342,208.51372331840844,0.9076274377991981,0.7779663752564555,0.648305312713713,5.3,2.3,35.0,25.0,,Denmark_2003_Female
Denmark,2004,Female,2729270.0,5396.696874152332,0.000495436495252,197.73407812903568,0.9076274377991981,0.7779663752564555,0.648305312713713,5.3,2.28,35.0,23.0,,Denmark_2004_Female
Denmark,2005,Female,2736121.0,5190.946107938579,0.0004741417974477,189.7191720665343,0.9076274377991981,0.7779663752564555,0.648305312713713,5.2,2.25,34.9,24.0,11.8,Denmark_2005_Female
Denmark,2006,Female,2744388.0,4996.110585794747,0.0004551061229459,182.04825942231005,0.9076274377991981,0.7779663752564555,0.648305312713713,5.2,2.23,34.8,23.0,,Denmark_2006_Female
Denmark,2007,Female,2754521.0,4812.502956798761,0.0004359362202007,174.71287954598137,0.9076274377991981,0.7779663752564555,0.648305312713713,5.1,2.2,34.6,21.0,,Denmark_2007_Female
Denmark,2008,Female,2769006.0,4642.705625046026,0.0004185411087673,167.66686764297464,0.9076274377991981,0.7779663752564555,0.648305312713713,5.1,2.17,34.3,22.0,,Denmark_2008_Female
Denmark,2009,Female,2783458.0,4483.879618796321,0.000402458715602,161.09025603390893,0.9076274377991981,0.7779663752564555,0.648305312713713,5.1,2.14,34.0,17.0,,Denmark_2009_Female
Denmark,2010,Female,2795634.0,4359.203767509895,0.0003899614342848,155.92898668101387,0.9076274377991981,0.7779663752564555,0.648305312713713,5.0,2.1,33.7,19.3,13.1,Denmark_2010_Female
Denmark,2011,Female,2806716.0,4259.3454139696405,0.0003784258577223,151.7554827053981,0.9076274377991981,0.7779663752564555,0.648305312713713,5.0,2.06,33.3,,,Denmark_2011_Female
Denmark,2012,Female,2815877.0,4153.673016841766,0.0003676081201259,147.50903597144926,0.9076274377991981,0.7779663752564555,0.648305312713713,5.0,2.02,32.8,,,Denmark_2012_Female
Denmark,2013,Female,2826123.0,4092.2076135382586,0.0003597687718838,144.79934573046745,0.9076274377991981,0.7779663752564555,0.648305312713713,4.9,1.98,32.2,15.5,14.0,Denmark_2013_Female
Denmark,2014,Female,2839824.0,3982.603831354284,0.0003482512008524,140.2412202782385,0.9076274377991981,0.7779663752564555,0.648305312713713,4.9,1.95,31.6,,15.6,Denmark_2014_Female
Denmark,2015,Female,2855813.0,3926.8004657513047,0.0003406589429289,137.50201661492906,0.9076274377991981,0.7779663752564555,0.648305312713713,4.8,1.92,31.0,,,Denmark_2015_Female
Denmark,2016,Female,2876426.0,3806.945061547,0.000329220593576,132.34983488353254,0.9076274377991981,0.7779663752564555,0.648305312713713,4.8,1.9,30.4,,,Denmark_2016_Female
Denmark,2017,Female,2893742.0,3686.769396904333,0.0003179428498558,127.40491021329245,0.9076274377991981,0.7779663752564555,0.648305312713713,4.8,1.89,29.8,15.4,16.6,Denmark_2017_Female
Denmark,2018,Female,2908337.0,3568.7076952373013,0.0003069059858929,122.70612708352924,0.9076274377991981,0.7779663752564555,0.648305312713713,4.7,1.88,29.2,,,Denmark_2018_Female
Finland,2000,Female,2650022.0,11500.16257850742,0.0011329668883971,433.96479646234707,0.9076274377991981,0.7779663752564555,0.648305312713713,5.3,3.53,36.9,20.3,24.1,Finland_2000_Female
Finland,2001,Female,2654537.0,11873.515411060118,0.0011663641354775,447.29138870771504,0.9076274377991981,0.7779663752564555,0.648305312713713,5.3,3.57,36.6,19.7,10.3,Finland_2001_Female
Finland,2002,Female,2659341.0,12467.934529548838,0.001219665212678,468.8354945660913,0.9076274377991981,0.7779663752564555,0.648305312713713,5.2,3.63,36.3,19.9,11.7,Finland_2002_Female
Finland,2003,Female,2664106.0,12996.8094166742,0.0012666041335548,487.84880994503214,0.9076274377991981,0.7779663752564555,0.648305312713713,5.2,3.7,36.0,19.3,11.7,Finland_2003_Female
Finland,2004,Female,2670685.0,13373.781066853537,0.0012987228987524,500.76220396091406,0.9076274377991981,0.7779663752564555,0.648305312713713,5.1,3.79,35.7,19.5,14.0,Finland_2004_Female
Finland,2005,Female,2678886.0,13804.321065563776,0.0013359317738494,515.3008028547604,0.9076274377991981,0.7779663752564555,0.648305312713713,5.1,3.87,35.3,18.2,13.5,Finland_2005_Female
Finland,2006,Female,2688223.0,13890.94164240236,0.0013411690816023,516.7332339021859,0.9076274377991981,0.7779663752564555,0.648305312713713,5.1,3.97,35.0,18.9,14.1,Finland_2006_Female
Finland,2007,Female,2698451.0,13575.366749848496,0.0013082157264374,503.07997995325826,0.9076274377991981,0.7779663752564555,0.648305312713713,5.1,4.06,34.6,16.6,19.2,Finland_2007_Female
Finland,2008,Female,2709177.0,12928.68988824616,0.0012442666597096,477.21835407011645,0.9076274377991981,0.7779663752564555,0.648305312713713,5.0,4.16,34.3,17.6,16.0,Finland_2008_Female
Finland,2009,Female,2720512.0,12190.945475731603,0.0011712881066414,448.1121743161435,0.9076274377991981,0.7779663752564555,0.648305312713713,5.0,4.25,34.0,16.0,14.0,Finland_2009_Female
Finland,2010,Female,2731604.0,11595.814202097854,0.0011107852557742,424.5056824524292,0.9076274377991981,0.7779663752564555,0.648305312713713,5.0,4.34,33.6,15.7,15.5,Finland_2010_Female
Finland,2011,Female,2742799.0,11043.677102272728,0.0010533389642423,402.6425962045607,0.9076274377991981,0.7779663752564555,0.648305312713713,5.0,4.43,33.3,14.8,25.8,Finland_2011_Female
Finland,2012,Female,2754391.0,10403.236616984364,0.0009872722306763,377.69643514607634,0.9076274377991981,0.7779663752564555,0.648305312713713,5.0,4.52,33.0,14.0,21.5,Finland_2012_Female
Finland,2013,Female,2765478.0,9713.358524440808,0.0009179202142295,351.23615246408787,0.9076274377991981,0.7779663752564555,0.648305312713713,5.0,4.63,32.6,13.2,14.4,Finland_2013_Female
Finland,2014,Female,2775397.0,9155.77236184525,0.0008620687552648,329.89054761698054,0.9076274377991981,0.7779663752564555,0.648305312713713,5.0,4.75,32.2,14.0,17.7,Finland_2014_Female
Finland,2015,Female,2782852.0,8651.495297641832,0.000814460724154,310.88592917057144,0.9076274377991981,0.7779663752564555,0.648305312713713,5.0,4.9,31.9,14.5,18.9,Finland_2015_Female
Finland,2016,Female,2788392.0,8301.216682008931,0.0007811179869035,297.70622932532194,0.9076274377991981,0.7779663752564555,0.648305312713713,5.0,5.06,31.5,15.4,17.0,Finland_2016_Female
Finland,2017,Female,2792482.0,7843.760420083095,0.0007404649988202,280.8884863029769,0.9076274377991981,0.7779663752564555,0.648305312713713,5.0,5.24,31.2,11.9,27.5,Finland_2017_Female
Finland,2018,Female,2794313.0,7561.012803829275,0.0007170062510927,270.5857505522565,0.9076274377991981,0.7779663752564555,0.648305312713713,5.0,5.44,30.9,13.0,20.0,Finland_2018_Female
Japan,2000,Female,64815079.0,77913.4257315968,0.0002826041668937,120.20879544341341,0.9076274377991981,0.7779663752564555,0.648305312713713,5.0,5.55,27.8,11.5,3.4,Japan_2000_Female
Japan,2001,Female,65047000.0,81236.72220314285,0.0002941076722076,124.88926807253655,0.9076274377991981,0.7779663752564555,0.648305312713713,5.0,5.33,27.4,9.9,3.4,Japan_2001_Female
Japan,2002,Female,65183000.0,86301.45611404549,0.0003119845317994,132.39871763196768,0.9076274377991981,0.7779663752564555,0.648305312713713,5.0,5.11,27.1,10.2,3.8,Japan_2002_Female
Japan,2003,Female,65315000.0,92272.63936298878,0.0003330798111626,141.27327468879855,0.9076274377991981,0.7779663752564555,0.648305312713713,5.0,4.9,26.9,11.3,3.7,Japan_2003_Female
Japan,2004,Female,65392000.0,97268.59868943444,0.0003507751964838,148.74693951773065,0.9076274377991981,0.7779663752564555,0.648305312713713,5.0,4.72,26.6,12.0,3.1,Japan_2004_Female
Japan,2005,Female,65419017.0,101201.85067901127,0.0003644643334644,154.6979079172212,0.9076274377991981,0.7779663752564555,0.648305312713713,5.0,4.55,26.4,11.3,4.3,Japan_2005_Female
Japan,2006,Female,65513628.0,102420.45187958553,0.0003682947035529,156.33457496749458,0.9076274377991981,0.7779663752564555,0.648305312713713,5.0,4.42,26.2,10.0,3.3,Japan_2006_Female
Japan,2007,Female,65608369.0,103148.06366123192,0.0003700567367169,157.2178446643475,0.9076274377991981,0.7779663752564555,0.648305312713713,5.0,4.31,26.0,11.0,3.3,Japan_2007_Female
Japan,2008,Female,65661653.0,103454.53284013653,0.0003703101501954,157.5570033854258,0.9076274377991981,0.7779663752564555,0.648305312713713,5.0,4.23,25.7,9.1,3.4,Japan_2008_Female
Japan,2009,Female,65673644.0,103253.18587550678,0.0003692722447224,157.22164872640047,0.9076274377991981,0.7779663752564555,0.648305312713713,5.0,4.16,25.5,10.9,3.5,Japan_2009_Female
Japan,2010,Female,65729615.0,104242.48169599957,0.000372767305403,158.59286821625162,0.9076274377991981,0.7779663752564555,0.648305312713713,5.0,4.12,25.2,8.4,3.2,Japan_2010_Female
Japan,2011,Female,65626819.0,105701.9007596885,0.0003782745231807,161.0650986446387,0.9076274377991981,0.7779663752564555,0.648305312713713,5.0,4.09,24.9,9.7,3.6,Japan_2011_Female
Japan,2012,Female,65512950.0,107312.33109598311,0.0003855559826523,163.80323446888457,0.9076274377991981,0.7779663752564555,0.648305312713713,5.0,4.07,24.6,9.0,3.4,Japan_2012_Female
Japan,2013,Female,65429064.0,108603.92679605406,0.0003917146043657,165.98728478838404,0.9076274377991981,0.7779663752564555,0.648305312713713,5.0,4.06,24.3,8.2,3.4,Japan_2013_Female
Japan,2014,Female,65336389.0,109561.83589243708,0.0003967877750831,167.6888447147532,0.9076274377991981,0.7779663752564555,0.648305312713713,5.0,4.07,24.0,8.5,3.8,Japan_2014_Female
Japan,2015,Female,65253007.0,110446.35501108036,0.0004010949912935,169.25864429677603,0.9076274377991981,0.7779663752564555,0.648305312713713,5.0,4.09,23.7,7.9,3.1,Japan_2015_Female
Japan,2016,Female,65225755.0,110571.77089888064,0.0004036357849596,169.52164202450496,0.9076274377991981,0.7779663752564555,0.648305312713713,5.0,4.11,23.4,8.2,4.0,Japan_2016_Female
Japan,2017,Female,65165143.0,110686.98988374013,0.0004065018819434,169.8561298081401,0.9076274377991981,0.7779663752564555,0.648305312713713,5.0,4.13,23.1,7.2,4.1,Japan_2017_Female
Japan,2018,Female,65075828.0,110265.5191267803,0.0004079745638181,169.44159224033277,0.9076274377991981,0.7779663752564555,0.648305312713713,5.0,4.16,22.8,8.1,3.7,Japan_2018_Female
Norway,2000,Female,2266748.0,7546.113617618467,0.0007589919592263,332.9048318392017,0.9076274377991981,0.7779663752564555,0.648305312713713,5.5,4.11,32.1,31.0,,Norway_2000_Female
Norway,2001,Female,2277132.0,7486.756475798735,0.0007484687599107,328.7800828322089,0.9076274377991981,0.7779663752564555,0.648305312713713,5.4,4.12,31.9,28.0,,Norway_2001_Female
Norway,2002,Female,2289139.0,7317.26537061002,0.000728909215911,319.65142224259955,0.9076274377991981,0.7779663752564555,0.648305312713713,5.4,4.13,31.8,29.0,8.0,Norway_2002_Female
Norway,2003,Female,2302276.0,6982.802081645658,0.0006939305419494,303.299955420013,0.9076274377991981,0.7779663752564555,0.648305312713713,5.4,4.15,31.6,25.0,,Norway_2003_Female
Norway,2004,Female,2315350.0,6673.763324374828,0.0006607552626473,288.23993454012685,0.9076274377991981,0.7779663752564555,0.648305312713713,5.3,4.16,31.4,25.0,,Norway_2004_Female
Norway,2005,Female,2330263.0,6457.492607680975,0.0006357330670538,277.1143260516506,0.9076274377991981,0.7779663752564555,0.648305312713713,5.3,4.18,31.1,24.0,8.0,Norway_2005_Female
Norway,2006,Female,2346792.0,6339.766666939738,0.0006193080964029,270.14608311856085,0.9076274377991981,0.7779663752564555,0.648305312713713,5.3,4.2,30.8,23.0,,Norway_2006_Female
Norway,2007,Female,2366414.0,6131.418390543971,0.0005945486528093,259.10167834301063,0.9076274377991981,0.7779663752564555,0.648305312713713,5.2,4.21,30.5,22.0,,Norway_2007_Female
Norway,2008,Female,2390841.0,5919.697113276419,0.0005689192245204,247.59894586366968,0.9076274377991981,0.7779663752564555,0.648305312713713,5.2,4.21,30.2,20.0,9.0,Norway_2008_Female
Norway,2009,Female,2417815.0,5709.157094118212,0.0005429479986861,236.12878132190477,0.9076274377991981,0.7779663752564555,0.648305312713713,5.2,4.21,29.8,20.0,,Norway_2009_Female
Norway,2010,Female,2445451.0,5528.981284546215,0.0005194594227668,226.09249927911927,0.9076274377991981,0.7779663752564555,0.648305312713713,5.2,4.19,29.5,19.0,,Norway_2010_Female
Norway,2011,Female,2473229.0,5270.705166360313,0.0004888149801549,213.11027674187525,0.9076274377991981,0.7779663752564555,0.648305312713713,5.1,4.17,29.1,17.0,,Norway_2011_Female
Norway,2012,Female,2501186.0,5022.219428146783,0.0004610172941151,200.79352067966087,0.9076274377991981,0.7779663752564555,0.648305312713713,5.1,4.15,28.7,16.0,9.0,Norway_2012_Female
Norway,2013,Female,2528494.0,4633.814801334519,0.0004211549199722,183.26382428965695,0.9076274377991981,0.7779663752564555,0.648305312713713,5.1,4.13,28.2,14.0,,Norway_2013_Female
Norway,2014,Female,2554301.0,4362.394667281513,0.0003924338893341,170.7862412175195,0.9076274377991981,0.7779663752564555,0.648305312713713,5.1,4.12,27.7,13.0,,Norway_2014_Female
Norway,2015,Female,2577925.0,4225.006498791984,0.0003763099159133,163.89175398011903,0.9076274377991981,0.7779663752564555,0.648305312713713,5.1,4.13,27.2,12.0,11.0,Norway_2015_Female
Norway,2016,Female,2599030.0,4110.692065251568,0.0003631733908132,158.16254776788142,0.9076274377991981,0.7779663752564555,0.648305312713713,5.0,4.14,26.8,11.0,,Norway_2016_Female
Norway,2017,Female,2618220.0,4032.289418994532,0.0003536087764305,154.00880823592104,0.9076274377991981,0.7779663752564555,0.648305312713713,5.0,4.17,26.4,10.0,,Norway_2017_Female
Norway,2018,Female,2635193.0,3967.686492244261,0.0003456848315441,150.56530934334833,0.9076274377991981,0.7779663752564555,0.648305312713713,5.0,4.22,25.9,11.0,,Norway_2018_Female
Slovak Republic,2000,Female,2774988.0,,,,0.9076274377991981,0.7779663752564555,0.648305312713713,,,,,,Slovak Republic_2000_Female
Slovak Republic,2001,Female,2767096.0,,,,0.9076274377991981,0.7779663752564555,0.648305312713713,,,,,,Slovak Republic_2001_Female
Slovak Republic,2002,Female,2767357.0,,,,0.9076274377991981,0.7779663752564555,0.648305312713713,,,,,,Slovak Republic_2002_Female
Slovak Republic,2003,Female,2768078.0,,,,0.9076274377991981,0.7779663752564555,0.648305312713713,,,,14.3,15.6,Slovak Republic_2003_Female
Slovak Republic,2004,Female,2770261.0,,,,0.9076274377991981,0.7779663752564555,0.648305312713713,,,,,16.2,Slovak Republic_2004_Female
Slovak Republic,2005,Female,2772373.0,,,,0.9076274377991981,0.7779663752564555,0.648305312713713,,,,,18.0,Slovak Republic_2005_Female
Slovak Republic,2006,Female,2774260.0,,,,0.9076274377991981,0.7779663752564555,0.648305312713713,,,,,,Slovak Republic_2006_Female
Slovak Republic,2007,Female,2776671.0,,,,0.9076274377991981,0.7779663752564555,0.648305312713713,,,,,,Slovak Republic_2007_Female
Slovak Republic,2008,Female,2780077.0,,,,0.9076274377991981,0.7779663752564555,0.648305312713713,,,,,16.7,Slovak Republic_2008_Female
Slovak Republic,2009,Female,2784946.0,,,,0.9076274377991981,0.7779663752564555,0.648305312713713,,,,12.5,15.7,Slovak Republic_2009_Female
Slovak Republic,2010,Female,2791128.0,,,,0.9076274377991981,0.7779663752564555,0.648305312713713,,,,,,Slovak Republic_2010_Female
Slovak Republic,2011,Female,2769921.5,,,,0.9076274377991981,0.7779663752564555,0.648305312713713,,,,,,Slovak Republic_2011_Female
Slovak Republic,2012,Female,2773713.5,,,,0.9076274377991981,0.7779663752564555,0.648305312713713,,,,,,Slovak Republic_2012_Female
Slovak Republic,2013,Female,2775873.0,,,,0.9076274377991981,0.7779663752564555,0.648305312713713,,,,,,Slovak Republic_2013_Female
Slovak Republic,2014,Female,2777955.0,,,,0.9076274377991981,0.7779663752564555,0.648305312713713,,,,15.8,16.6,Slovak Republic_2014_Female
Slovak Republic,2015,Female,2779595.5,,,,0.9076274377991981,0.7779663752564555,0.648305312713713,,,,,,Slovak Republic_2015_Female
Slovak Republic,2016,Female,2781914.5,,,,0.9076274377991981,0.7779663752564555,0.648305312713713,,,,,,Slovak Republic_2016_Female
Slovak Republic,2017,Female,2785132.5,,,,0.9076274377991981,0.7779663752564555,0.648305312713713,,,,,,Slovak Republic_2017_Female
Slovak Republic,2018,Female,2787975.0,,,,0.9076274377991981,0.7779663752564555,0.648305312713713,,,,,,Slovak Republic_2018_Female
Slovenia,2000,Female,1017691.0,2886.8787245686526,0.0008656207471316,283.66947576117434,0.9076274377991981,0.7779663752564555,0.648305312713713,5.2,5.38,41.7,,,Slovenia_2000_Female
Slovenia,2001,Female,1018324.0,2869.633263397512,0.0008602195123661,281.7996299210774,0.9076274377991981,0.7779663752564555,0.648305312713713,5.2,5.46,41.5,,,Slovenia_2001_Female
Slovenia,2002,Female,1019607.0,2867.233162718724,0.0008580477941168,281.209638882307,0.9076274377991981,0.7779663752564555,0.648305312713713,5.2,5.55,41.3,,,Slovenia_2002_Female
Slovenia,2003,Female,1019337.0,2867.4423532533337,0.0008562105164386,281.3046473593457,0.9076274377991981,0.7779663752564555,0.648305312713713,5.2,5.65,41.2,,,Slovenia_2003_Female
Slovenia,2004,Female,1019912.0,2844.5677454165693,0.000848186365043,278.9032529685472,0.9076274377991981,0.7779663752564555,0.648305312713713,5.2,5.76,41.1,,,Slovenia_2004_Female
Slovenia,2005,Female,1021044.0,2866.274042010752,0.0008531475346117,280.7199339118346,0.9076274377991981,0.7779663752564555,0.648305312713713,5.2,5.88,41.1,,,Slovenia_2005_Female
Slovenia,2006,Female,1022640.0,2855.0133226174657,0.0008488584331758,279.18068162965125,0.9076274377991981,0.7779663752564555,0.648305312713713,5.1,6.02,41.1,,,Slovenia_2006_Female
Slovenia,2007,Female,1024281.0,2871.9904105730247,0.000851296857509,280.3908703347055,0.9076274377991981,0.7779663752564555,0.648305312713713,5.1,6.16,41.1,15.5,15.8,Slovenia_2007_Female
Slovenia,2008,Female,1025660.0,2880.45566717393,0.0008504277026521,280.8392320236657,0.9076274377991981,0.7779663752564555,0.648305312713713,5.1,6.32,41.1,,,Slovenia_2008_Female
Slovenia,2009,Female,1030568.0,2883.5837521755857,0.0008475329830201,279.8052871984756,0.9076274377991981,0.7779663752564555,0.648305312713713,5.1,6.48,41.1,,,Slovenia_2009_Female
Slovenia,2010,Female,1034545.0,2868.7056238571504,0.0008398690712306,277.29152659934084,0.9076274377991981,0.7779663752564555,0.648305312713713,5.1,6.65,41.1,,,Slovenia_2010_Female
Slovenia,2011,Female,1037066.0,2847.3139054262506,0.0008313933145599,274.5547443871702,0.9076274377991981,0.7779663752564555,0.648305312713713,5.1,6.82,41.1,,,Slovenia_2011_Female
Slovenia,2012,Female,1038848.0,2810.409025916204,0.0008196862741768,270.5313025501521,0.9076274377991981,0.7779663752564555,0.648305312713713,5.1,7.0,41.0,,,Slovenia_2012_Female
Slovenia,2013,Female,1039456.0,2761.2087869038764,0.0008053333346445,265.63979494118814,0.9076274377991981,0.7779663752564555,0.648305312713713,5.0,7.18,41.0,,,Slovenia_2013_Female
Slovenia,2014,Female,1040204.0,2700.193247910253,0.000788049145429,259.5830479319684,0.9076274377991981,0.7779663752564555,0.648305312713713,5.0,7.37,40.9,16.0,17.4,Slovenia_2014_Female
Slovenia,2015,Female,1040523.0,2629.4126226705057,0.000768014204101,252.70105732122263,0.9076274377991981,0.7779663752564555,0.648305312713713,5.0,7.57,40.8,,,Slovenia_2015_Female
Slovenia,2016,Female,1040369.0,2513.6407960138527,0.000734374192531,241.61050512018838,0.9076274377991981,0.7779663752564555,0.648305312713713,5.0,7.78,40.8,,,Slovenia_2016_Female
Slovenia,2017,Female,1040188.0,2355.173054865175,0.0006906819938867,226.4180181722126,0.9076274377991981,0.7779663752564555,0.648305312713713,5.0,8.0,40.8,,,Slovenia_2017_Female
Slovenia,2018,Female,1039816.0,2192.02645297307,0.0006439847064179,210.80907131387377,0.9076274377991981,0.7779663752564555,0.648305312713713,5.0,8.23,40.7,,,Slovenia_2018_Female
Sweden,2000,Female,4485674.0,16986.117974348752,0.0009769972596269,378.67482064788373,0.9076274377991981,0.7779663752564555,0.648305312713713,5.2,2.66,33.8,21.0,9.2,Sweden_2000_Female
Sweden,2001,Female,4495365.0,17085.688907281317,0.0009783690738294,380.07345137227605,0.9076274377991981,0.7779663752564555,0.648305312713713,5.2,2.66,33.6,19.9,9.2,Sweden_2001_Female
Sweden,2002,Female,4507183.0,17181.583414623412,0.000977385543529,381.2044777108764,0.9076274377991981,0.7779663752564555,0.648305312713713,5.2,2.66,33.4,16.1,9.6,Sweden_2002_Female
Sweden,2003,Female,4521349.0,17070.796084895384,0.0009645878339184,377.55979653186216,0.9076274377991981,0.7779663752564555,0.648305312713713,5.1,2.68,33.2,16.5,9.5,Sweden_2003_Female
Sweden,2004,Female,4537051.0,16967.683327720602,0.0009518988461238,373.98044076913845,0.9076274377991981,0.7779663752564555,0.648305312713713,5.1,2.7,32.9,14.8,9.8,Sweden_2004_Female
Sweden,2005,Female,4553139.0,17028.334853842807,0.0009461544634455,373.9911049024158,0.9076274377991981,0.7779663752564555,0.648305312713713,5.1,2.73,32.6,13.8,10.3,Sweden_2005_Female
Sweden,2006,Female,4575468.0,16877.663313177825,0.0009316197507041,368.8729396244892,0.9076274377991981,0.7779663752564555,0.648305312713713,5.0,2.77,32.2,14.1,7.7,Sweden_2006_Female
Sweden,2007,Female,4604371.0,16505.812365850234,0.0009048346233949,358.48137271845025,0.9076274377991981,0.7779663752564555,0.648305312713713,5.0,2.8,31.8,12.8,10.3,Sweden_2007_Female
Sweden,2008,Female,4635821.0,16005.958876855058,0.0008729496358544,345.26697378641364,0.9076274377991981,0.7779663752564555,0.648305312713713,5.0,2.84,31.3,12.9,9.9,Sweden_2008_Female
Sweden,2009,Female,4672151.0,15314.34093666667,0.0008295649519036,327.779237800034,0.9076274377991981,0.7779663752564555,0.648305312713713,5.0,2.88,30.8,13.3,10.6,Sweden_2009_Female
Sweden,2010,Female,4708499.0,14772.080666827864,0.0007917011918522,313.732267264533,0.9076274377991981,0.7779663752564555,0.648305312713713,5.0,2.91,30.3,12.5,10.6,Sweden_2010_Female
Sweden,2011,Female,4740675.0,14169.024813217737,0.0007531748140897,298.8820118067097,0.9076274377991981,0.7779663752564555,0.648305312713713,5.0,2.94,29.7,12.4,10.5,Sweden_2011_Female
Sweden,2012,Female,4773010.0,13543.78888277036,0.0007103319829407,283.7578149379607,0.9076274377991981,0.7779663752564555,0.648305312713713,5.0,2.97,29.1,13.1,11.8,Sweden_2012_Female
Sweden,2013,Female,4810245.0,12753.852342030386,0.0006629412262247,265.1393503247836,0.9076274377991981,0.7779663752564555,0.648305312713713,5.0,3.01,28.4,11.7,11.2,Sweden_2013_Female
Sweden,2014,Female,4852811.0,12067.231837303214,0.0006204222709038,248.66478083121748,0.9076274377991981,0.7779663752564555,0.648305312713713,5.0,3.06,27.7,12.1,12.1,Sweden_2014_Female
Sweden,2015,Female,4897582.0,11640.060808829096,0.0005905767045159,237.66954404906534,0.9076274377991981,0.7779663752564555,0.648305312713713,5.0,3.12,27.1,10.7,12.2,Sweden_2015_Female
Sweden,2016,Female,4950926.0,11329.195641572582,0.0005694384074213,228.82983186524262,0.9076274377991981,0.7779663752564555,0.648305312713713,5.0,3.2,26.4,11.2,11.6,Sweden_2016_Female
Sweden,2017,Female,5009694.0,11075.076646569018,0.0005518410898945,221.07291676036533,0.9076274377991981,0.7779663752564555,0.648305312713713,5.0,3.28,25.8,10.3,12.2,Sweden_2017_Female
Sweden,2018,Female,5062664.0,10868.1312307933,0.0005388907326519,214.67218110451927,0.9076274377991981,0.7779663752564555,0.648305312713713,5.0,3.38,25.2,9.2,13.6,Sweden_2018_Female
Greece,2000,Female,5490022.0,14965.941755517966,0.0006648612505652,272.60258256739166,0.9076274377991981,0.7779663752564555,0.648305312713713,5.1,5.83,31.6,27.0,,Greece_2000_Female
Greece,2001,Female,5506580.0,15151.628010468632,0.0006715719249495,275.15496025606876,0.9076274377991981,0.7779663752564555,0.648305312713713,5.0,5.91,31.4,,,Greece_2001_Female
Greece,2002,Female,5514108.0,15346.847755290337,0.0006784356038665,278.3196802690542,0.9076274377991981,0.7779663752564555,0.648305312713713,5.0,5.99,31.2,,,Greece_2002_Female
Greece,2003,Female,5527645.0,15521.004263342176,0.0006862592919088,280.7887312470713,0.9076274377991981,0.7779663752564555,0.648305312713713,5.0,6.07,31.0,,,Greece_2003_Female
Greece,2004,Female,5542873.0,15566.890327666184,0.0006892350206727,280.8451560709795,0.9076274377991981,0.7779663752564555,0.648305312713713,5.0,6.14,30.8,31.3,,Greece_2004_Female
Greece,2005,Female,5561388.0,15650.784762477251,0.0006939342190363,281.4186811363863,0.9076274377991981,0.7779663752564555,0.648305312713713,5.0,6.19,30.6,,,Greece_2005_Female
Greece,2006,Female,5582547.0,15632.714661713202,0.0006941231758786,280.028357337846,0.9076274377991981,0.7779663752564555,0.648305312713713,5.0,6.23,30.3,30.8,18.3,Greece_2006_Female
Greece,2007,Female,5603373.0,15348.176109411475,0.0006830619052179,273.909591765736,0.9076274377991981,0.7779663752564555,0.648305312713713,5.0,6.25,30.0,,,Greece_2007_Female
Greece,2008,Female,5625818.0,14893.155966439095,0.000664198841016,264.7287197424285,0.9076274377991981,0.7779663752564555,0.648305312713713,5.0,6.24,29.7,33.5,17.6,Greece_2008_Female
Greece,2009,Female,5648540.0,14457.57044417984,0.0006444466241194,255.95234244919644,0.9076274377991981,0.7779663752564555,0.648305312713713,5.0,6.22,29.4,26.1,17.3,Greece_2009_Female
Greece,2010,Female,5664187.0,14215.664803841692,0.0006343039739215,250.97449649599656,0.9076274377991981,0.7779663752564555,0.648305312713713,5.0,6.18,29.0,,,Greece_2010_Female
Greece,2011,Female,5666236.0,14030.477674304926,0.0006289263527907,247.61548361743007,0.9076274377991981,0.7779663752564555,0.648305312713713,5.0,6.13,28.7,,,Greece_2011_Female
Greece,2012,Female,5649941.0,13838.037934486234,0.0006218758405903,244.92358299823368,0.9076274377991981,0.7779663752564555,0.648305312713713,4.9,6.07,28.3,,,Greece_2012_Female
Greece,2013,Female,5625465.0,13508.700763146013,0.0006116603701916,240.13482908783564,0.9076274377991981,0.7779663752564555,0.648305312713713,4.9,6.02,28.0,,,Greece_2013_Female
Greece,2014,Female,5601600.0,13321.366543627551,0.0006084227635341,237.8135986794407,0.9076274377991981,0.7779663752564555,0.648305312713713,4.9,5.97,27.6,21.4,16.1,Greece_2014_Female
Greece,2015,Female,5574583.0,13174.535378321483,0.0006039261506345,236.3322131596477,0.9076274377991981,0.7779663752564555,0.648305312713713,4.9,5.94,27.3,,,Greece_2015_Female
Greece,2016,Female,5553222.0,12831.465941589062,0.0005953656062491,231.06344283713244,0.9076274377991981,0.7779663752564555,0.648305312713713,4.9,5.92,27.0,,,Greece_2016_Female
Greece,2017,Female,5539021.0,12546.433260470818,0.0005877460948733,226.50994210837652,0.9076274377991981,0.7779663752564555,0.648305312713713,4.9,5.9,26.7,,,Greece_2017_Female
Greece,2018,Female,5523712.0,12086.21818667665,0.0005715390429166,218.80608885250808,0.9076274377991981,0.7779663752564555,0.648305312713713,4.9,5.9,26.4,,,Greece_2018_Female
Italy,2000,Female,29372449.0,128593.84224078886,0.0011103076332971,437.80429150047667,0.9076274377991981,0.7779663752564555,0.648305312713713,5.3,4.39,36.4,17.4,8.4,Italy_2000_Female
Italy,2001,Female,29394672.0,130787.83121799132,0.0011294255334487,444.9372022861535,0.9076274377991981,0.7779663752564555,0.648305312713713,5.3,4.41,36.1,17.1,8.4,Italy_2001_Female
Italy,2002,Female,29452156.0,131979.314110629,0.0011400521843557,448.1142708555156,0.9076274377991981,0.7779663752564555,0.648305312713713,5.3,4.43,35.8,17.2,8.3,Italy_2002_Female
Italy,2003,Female,29603801.0,132889.94451857576,0.0011464517781577,448.8948717043996,0.9076274377991981,0.7779663752564555,0.648305312713713,5.3,4.46,35.4,17.6,8.7,Italy_2003_Female
Italy,2004,Female,29812164.0,131439.7059326224,0.0011348798471255,440.89287155612857,0.9076274377991981,0.7779663752564555,0.648305312713713,5.2,4.48,35.1,,,Italy_2004_Female
Italy,2005,Female,29977383.0,133361.14909154773,0.0011477240736889,444.8725530562416,0.9076274377991981,0.7779663752564555,0.648305312713713,5.2,4.51,34.7,16.4,9.7,Italy_2005_Female
Italy,2006,Female,30097335.0,133143.13336237002,0.0011438816059664,442.37515833999925,0.9076274377991981,0.7779663752564555,0.648305312713713,5.2,4.53,34.3,17.2,10.0,Italy_2006_Female
Italy,2007,Female,30286647.0,132546.88661123213,0.0011360506354636,437.64133616782385,0.9076274377991981,0.7779663752564555,0.648305312713713,5.2,4.55,33.8,16.6,9.2,Italy_2007_Female
Italy,2008,Female,30528336.0,130841.61764800028,0.0011177317206379,428.5907284563439,0.9076274377991981,0.7779663752564555,0.648305312713713,5.2,4.57,33.4,16.4,9.1,Italy_2008_Female
Italy,2009,Female,30713313.0,128548.27348005962,0.001095883697907,418.5425176374154,0.9076274377991981,0.7779663752564555,0.648305312713713,5.2,4.57,32.9,17.1,9.3,Italy_2009_Female
Italy,2010,Female,30860476.0,126937.8905995459,0.0010782307422443,411.32836252929445,0.9076274377991981,0.7779663752564555,0.648305312713713,5.2,4.57,32.4,17.1,9.6,Italy_2010_Female
Italy,2011,Female,30974257.0,124931.63782393251,0.0010590611736562,403.34022483229387,0.9076274377991981,0.7779663752564555,0.648305312713713,5.1,4.56,31.9,16.8,9.4,Italy_2011_Female
Italy,2012,Female,31049119.0,122897.46652913372,0.0010406580131301,395.8162759115121,0.9076274377991981,0.7779663752564555,0.648305312713713,5.1,4.56,31.4,16.5,9.5,Italy_2012_Female
Italy,2013,Female,31093905.0,119668.78644627014,0.001013037179668,384.8625203115213,0.9076274377991981,0.7779663752564555,0.648305312713713,5.1,4.57,31.0,15.9,9.3,Italy_2013_Female
Italy,2014,Female,31085787.0,117306.8828811368,0.0009951526250729,377.3650089062786,0.9076274377991981,0.7779663752564555,0.648305312713713,5.1,4.58,30.5,14.9,9.7,Italy_2014_Female
Italy,2015,Female,31018921.0,116885.91084313951,0.0009930402864631,376.82133057800274,0.9076274377991981,0.7779663752564555,0.648305312713713,5.0,4.61,30.1,15.8,9.0,Italy_2015_Female
Italy,2016,Female,30929374.0,114211.0385019119,0.0009767333623947,369.26398349320584,0.9076274377991981,0.7779663752564555,0.648305312713713,5.0,4.65,29.7,15.3,9.8,Italy_2016_Female
Italy,2017,Female,30834692.0,113565.51440565822,0.0009759263129606,368.3043579798307,0.9076274377991981,0.7779663752564555,0.648305312713713,5.0,4.7,29.3,15.0,9.4,Italy_2017_Female
Italy,2018,Female,30733389.0,111606.61579493944,0.0009658699933352,363.1445129430387,0.9076274377991981,0.7779663752564555,0.648305312713713,5.0,4.76,29.0,15.1,9.8,Italy_2018_Female
Netherlands,2000,Female,8047423.0,15542.15577660032,0.0004708854887148,193.13208435297014,0.9076274377991981,0.7779663752564555,0.648305312713713,,,,29.0,10.2,Netherlands_2000_Female
Netherlands,2001,Female,8105271.0,15189.298999236364,0.000455574008668,187.4002608825339,0.9076274377991981,0.7779663752564555,0.648305312713713,,,,25.4,10.3,Netherlands_2001_Female
Netherlands,2002,Female,8155203.0,14689.198923605984,0.0004368689073239,180.12057975265586,0.9076274377991981,0.7779663752564555,0.648305312713713,,,,24.5,10.8,Netherlands_2002_Female
Netherlands,2003,Female,8194611.0,14034.533702392257,0.000415502496467,171.2654048177791,0.9076274377991981,0.7779663752564555,0.648305312713713,,,,24.3,12.1,Netherlands_2003_Female
Netherlands,2004,Female,8225833.0,13344.67497697288,0.000392350098483,162.22885848731528,0.9076274377991981,0.7779663752564555,0.648305312713713,,,,22.3,12.1,Netherlands_2004_Female
Netherlands,2005,Female,8248178.0,12918.8738658701,0.0003796139680004,156.62700133132554,0.9076274377991981,0.7779663752564555,0.648305312713713,,,,22.1,11.4,Netherlands_2005_Female
Netherlands,2006,Female,8263140.0,12671.313616192028,0.0003715226756467,153.34743954709745,0.9076274377991981,0.7779663752564555,0.648305312713713,,,,21.7,12.7,Netherlands_2006_Female
Netherlands,2007,Female,8281402.0,12395.009418822285,0.0003645454330994,149.67283823224963,0.9076274377991981,0.7779663752564555,0.648305312713713,,,,21.0,12.2,Netherlands_2007_Female
Netherlands,2008,Female,8311360.0,12286.558901222856,0.0003626817993833,147.82850100612723,0.9076274377991981,0.7779663752564555,0.648305312713713,,,,20.8,12.2,Netherlands_2008_Female
Netherlands,2009,Female,8350452.0,12063.211731377374,0.0003572554199821,144.46178160628162,0.9076274377991981,0.7779663752564555,0.648305312713713,,,,19.8,12.4,Netherlands_2009_Female
Netherlands,2010,Female,8391911.0,11924.743628475717,0.0003532189493374,142.09807073115667,0.9076274377991981,0.7779663752564555,0.648305312713713,,,,18.8,12.6,Netherlands_2010_Female
Netherlands,2011,Female,8429897.0,11639.0321108512,0.00034597118061,138.06849728829664,0.9076274377991981,0.7779663752564555,0.648305312713713,,,,18.3,12.6,Netherlands_2011_Female
Netherlands,2012,Female,8459856.0,11438.509734684962,0.000341011530309,135.20927229358233,0.9076274377991981,0.7779663752564555,0.648305312713713,,,,16.3,12.8,Netherlands_2012_Female
Netherlands,2013,Female,8483568.0,11116.987548637946,0.0003322750235542,131.04141498763192,0.9076274377991981,0.7779663752564555,0.648305312713713,,,,16.3,12.2,Netherlands_2013_Female
Netherlands,2014,Female,8511387.0,10839.364585375568,0.0003245772910109,127.35133046324376,0.9076274377991981,0.7779663752564555,0.648305312713713,,,,16.7,15.1,Netherlands_2014_Female
Netherlands,2015,Female,8544923.0,10740.6717417618,0.0003240219969452,125.69653046331489,0.9076274377991981,0.7779663752564555,0.648305312713713,,,,16.9,14.2,Netherlands_2015_Female
Netherlands,2016,Female,8584197.0,10620.335714714322,0.000319832127792,123.71961774309608,0.9076274377991981,0.7779663752564555,0.648305312713713,,,,15.2,15.7,Netherlands_2016_Female
Netherlands,2017,Female,8630221.0,10574.180462622297,0.0003198501595191,122.5250252875598,0.9076274377991981,0.7779663752564555,0.648305312713713,,,,14.1,14.7,Netherlands_2017_Female
Netherlands,2018,Female,8677561.0,10520.259981643589,0.0003174242472073,121.2352178410914,0.9076274377991981,0.7779663752564555,0.648305312713713,,,,13.4,16.2,Netherlands_2018_Female
Portugal,2000,Female,5324594.0,10381.915929928467,0.0005004587546986,194.98042348258792,0.9076274377991981,0.7779663752564555,0.648305312713713,5.2,4.73,34.3,,,Portugal_2000_Female
Portugal,2001,Female,5359805.5,10264.041011789375,0.0004919298675563,191.50025148840524,0.9076274377991981,0.7779663752564555,0.648305312713713,5.2,4.78,34.1,,,Portugal_2001_Female
Portugal,2002,Female,5391273.5,10133.774662383932,0.0004819060167034,187.96625068982183,0.9076274377991981,0.7779663752564555,0.648305312713713,5.2,4.84,33.8,,,Portugal_2002_Female
Portugal,2003,Female,5416486.5,9970.840896297355,0.000472464568421,184.0831855908319,0.9076274377991981,0.7779663752564555,0.648305312713713,5.2,4.9,33.6,,,Portugal_2003_Female
Portugal,2004,Female,5433335.5,9635.08562562917,0.0004539307695662,177.33279355985232,0.9076274377991981,0.7779663752564555,0.648305312713713,5.1,4.96,33.3,,,Portugal_2004_Female
Portugal,2005,Female,5447062.5,9430.476909369972,0.0004436940475258,173.12958882645412,0.9076274377991981,0.7779663752564555,0.648305312713713,5.1,5.01,33.0,,,Portugal_2005_Female
Portugal,2006,Female,5460684.0,9203.30052763875,0.0004325523126742,168.53750423278018,0.9076274377991981,0.7779663752564555,0.648305312713713,5.1,5.05,32.7,11.0,16.1,Portugal_2006_Female
Portugal,2007,Female,5475892.5,8900.200931771895,0.000418853814747,162.53425230265012,0.9076274377991981,0.7779663752564555,0.648305312713713,5.1,5.08,32.3,,,Portugal_2007_Female
Portugal,2008,Female,5490183.5,8537.419918891454,0.0004020284520787,155.50336193483247,0.9076274377991981,0.7779663752564555,0.648305312713713,5.1,5.1,32.0,,,Portugal_2008_Female
Portugal,2009,Female,5503254.5,8173.012029369462,0.0003865902858991,148.51233991394477,0.9076274377991981,0.7779663752564555,0.648305312713713,5.1,5.1,31.6,,,Portugal_2009_Female
Portugal,2010,Female,5514456.0,7911.688696466732,0.0003746287286658,143.47178935631607,0.9076274377991981,0.7779663752564555,0.648305312713713,5.1,5.1,31.3,,,Portugal_2010_Female
Portugal,2011,Female,5524164.0,7664.2631973312355,0.0003622755290002,138.74068904057222,0.9076274377991981,0.7779663752564555,0.648305312713713,5.1,5.09,30.9,,,Portugal_2011_Female
Portugal,2012,Female,5510578.0,7519.807163189504,0.0003558965345689,136.46131427936425,0.9076274377991981,0.7779663752564555,0.648305312713713,5.1,5.08,30.5,,,Portugal_2012_Female
Portugal,2013,Female,5489671.0,7310.745646087859,0.0003462386773669,133.1727465286692,0.9076274377991981,0.7779663752564555,0.648305312713713,5.1,5.07,30.1,,,Portugal_2013_Female
Portugal,2014,Female,5469600.0,7150.687281366781,0.0003390040636163,130.73510460301998,0.9076274377991981,0.7779663752564555,0.648305312713713,5.1,5.07,29.7,10.9,17.5,Portugal_2014_Female
Portugal,2015,Female,5454771.0,7101.570374927644,0.0003371145251152,130.19007351413367,0.9076274377991981,0.7779663752564555,0.648305312713713,5.1,5.09,29.3,,32.1,Portugal_2015_Female
Portugal,2016,Female,5442815.5,7033.481451289434,0.0003350212414153,129.2250573492604,0.9076274377991981,0.7779663752564555,0.648305312713713,5.1,5.11,29.0,,,Portugal_2016_Female
Portugal,2017,Female,5434840.5,6947.413517540287,0.0003323987891864,127.83104706642794,0.9076274377991981,0.7779663752564555,0.648305312713713,5.1,5.14,28.7,,15.9,Portugal_2017_Female
Portugal,2018,Female,5434010.5,6928.983278308313,0.0003328759688251,127.51140761152952,0.9076274377991981,0.7779663752564555,0.648305312713713,5.1,5.19,28.3,,,Portugal_2018_Female
Switzerland,2000,Female,3674047.0,9376.58925867836,0.0006277307763291,255.21146731869132,0.9076274377991981,0.7779663752564555,0.648305312713713,5.5,2.87,26.0,,,Switzerland_2000_Female
Switzerland,2001,Female,3697305.0,9262.379640585725,0.0006141625149787,250.51705608776462,0.9076274377991981,0.7779663752564555,0.648305312713713,5.4,2.85,25.7,,,Switzerland_2001_Female
Switzerland,2002,Female,3725064.0,9182.84764215015,0.0006061994121057,246.51516436093846,0.9076274377991981,0.7779663752564555,0.648305312713713,5.4,2.83,25.5,22.7,7.4,Switzerland_2002_Female
Switzerland,2003,Female,3750717.0,9139.74365468346,0.0005973066351652,243.6799058602251,0.9076274377991981,0.7779663752564555,0.648305312713713,5.3,2.81,25.2,,,Switzerland_2003_Female
Switzerland,2004,Female,3774508.0,8959.488536624762,0.0005827146872047,237.3683811671551,0.9076274377991981,0.7779663752564555,0.648305312713713,5.3,2.79,24.9,,,Switzerland_2004_Female
Switzerland,2005,Female,3796516.0,8963.087960801671,0.0005780800485373,236.08719048732237,0.9076274377991981,0.7779663752564555,0.648305312713713,5.3,2.78,24.5,,,Switzerland_2005_Female
Switzerland,2006,Female,3818004.0,8853.715383223675,0.0005666273787392,231.89382156811973,0.9076274377991981,0.7779663752564555,0.648305312713713,5.2,2.77,24.1,,,Switzerland_2006_Female
Switzerland,2007,Female,3847930.0,8804.963295773716,0.0005584673498928,228.82337505551598,0.9076274377991981,0.7779663752564555,0.648305312713713,5.2,2.75,23.7,17.6,7.7,Switzerland_2007_Female
Switzerland,2008,Female,3890831.0,8704.636955541633,0.0005470285873971,223.72179504948002,0.9076274377991981,0.7779663752564555,0.648305312713713,5.2,2.74,23.2,,,Switzerland_2008_Female
Switzerland,2009,Female,3935211.0,8590.146520909018,0.0005346242023967,218.2893502002566,0.9076274377991981,0.7779663752564555,0.648305312713713,5.1,2.72,22.7,,,Switzerland_2009_Female
Switzerland,2010,Female,3973882.0,8427.67732667693,0.0005193479752677,212.07668790057002,0.9076274377991981,0.7779663752564555,0.648305312713713,5.1,2.7,22.2,,,Switzerland_2010_Female
Switzerland,2011,Female,4012559.0,8245.518493682643,0.0005016381914912,205.49276642867164,0.9076274377991981,0.7779663752564555,0.648305312713713,5.1,2.68,21.7,,,Switzerland_2011_Female
Switzerland,2012,Female,4051472.0,8162.935145894937,0.0004909699202928,201.48072468216336,0.9076274377991981,0.7779663752564555,0.648305312713713,5.0,2.67,21.1,17.8,9.4,Switzerland_2012_Female
Switzerland,2013,Female,4094041.0,7967.58127691877,0.0004731657177227,194.61410564571213,0.9076274377991981,0.7779663752564555,0.648305312713713,5.0,2.66,20.5,,,Switzerland_2013_Female
Switzerland,2014,Female,4140660.0,7722.4489318020605,0.0004535260917897,186.50285055527524,0.9076274377991981,0.7779663752564555,0.648305312713713,5.0,2.67,20.0,,,Switzerland_2014_Female
Switzerland,2015,Female,4184720.0,7667.806720816599,0.0004449801783127,183.23344741862297,0.9076274377991981,0.7779663752564555,0.648305312713713,5.0,2.69,19.4,,,Switzerland_2015_Female
Switzerland,2016,Female,4225883.0,7308.438242369188,0.0004212489846059,172.94464239471816,0.9076274377991981,0.7779663752564555,0.648305312713713,4.9,2.72,18.9,,,Switzerland_2016_Female
Switzerland,2017,Female,4261902.0,7132.767430610556,0.0004071906080359,167.36113196902596,0.9076274377991981,0.7779663752564555,0.648305312713713,4.9,2.76,18.4,16.8,10.2,Switzerland_2017_Female
Switzerland,2018,Female,4292551.0,6859.016651962135,0.00039013098783,159.78882142488544,0.9076274377991981,0.7779663752564555,0.648305312713713,4.9,2.82,17.9,,,Switzerland_2018_Female
Germany,2000,Female,42087848.0,210578.1075457924,0.0012365991266857,500.3299468905903,0.9076274377991981,0.7779663752564555,0.648305312713713,5.5,5.39,34.9,,,Germany_2000_Female
Germany,2001,Female,42134316.0,213372.7328369085,0.0012468621654011,506.41081449360297,0.9076274377991981,0.7779663752564555,0.648305312713713,5.5,5.41,34.3,,,Germany_2001_Female
Germany,2002,Female,42178716.0,216515.59614514397,0.0012563178584884,513.329035775162,0.9076274377991981,0.7779663752564555,0.648305312713713,5.4,5.44,33.7,,,Germany_2002_Female
Germany,2003,Female,42183725.0,218485.86126626024,0.0012602044126937,517.9387578177609,0.9076274377991981,0.7779663752564555,0.648305312713713,5.4,5.46,33.1,19.1,12.3,Germany_2003_Female
Germany,2004,Female,42161445.0,215877.1163136208,0.0012431743824952,512.0249467579225,0.9076274377991981,0.7779663752564555,0.648305312713713,5.4,5.48,32.5,,,Germany_2004_Female
Germany,2005,Female,42122629.0,218898.264450547,0.0012585745611868,519.6690464181307,0.9076274377991981,0.7779663752564555,0.648305312713713,5.4,5.5,31.9,18.8,12.8,Germany_2005_Female
Germany,2006,Female,42055883.0,220204.45517202915,0.0012675586760965,523.5996475737512,0.9076274377991981,0.7779663752564555,0.648305312713713,5.3,5.51,31.4,,,Germany_2006_Female
Germany,2007,Female,41978642.0,222544.5185766331,0.0012819791119252,530.137488908367,0.9076274377991981,0.7779663752564555,0.648305312713713,5.3,5.52,30.8,,,Germany_2007_Female
Germany,2008,Female,41880811.0,226526.71374725632,0.0013036455941335,540.8842578221714,0.9076274377991981,0.7779663752564555,0.648305312713713,5.3,5.51,30.3,,,Germany_2008_Female
Germany,2009,Female,41758360.0,229110.9574984184,0.0013180940702613,548.6588972804929,0.9076274377991981,0.7779663752564555,0.648305312713713,5.2,5.48,29.8,17.6,13.8,Germany_2009_Female
Germany,2010,Female,41668915.0,229313.89788590663,0.0013186487440347,550.3236594615114,0.9076274377991981,0.7779663752564555,0.648305312713713,5.2,5.44,29.3,,,Germany_2010_Female
Germany,2011,Female,41097710.0,224183.4592038574,0.0012886949089009,545.4889316311235,0.9076274377991981,0.7779663752564555,0.648305312713713,5.2,5.39,28.7,,,Germany_2011_Female
Germany,2012,Female,41120365.0,214115.54530293832,0.0012313284489278,520.704388939491,0.9076274377991981,0.7779663752564555,0.648305312713713,5.2,5.32,28.2,,23.9,Germany_2012_Female
Germany,2013,Female,41176655.0,200521.14831262385,0.0011559864596138,486.9777506517318,0.9076274377991981,0.7779663752564555,0.648305312713713,5.1,5.27,27.7,17.1,14.3,Germany_2013_Female
Germany,2014,Female,41286307.0,184450.66060367733,0.0010703858756329,446.75989209613084,0.9076274377991981,0.7779663752564555,0.648305312713713,5.1,5.22,27.2,,,Germany_2014_Female
Germany,2015,Female,41511818.0,177680.80842534345,0.0010337634959003,428.02463728604573,0.9076274377991981,0.7779663752564555,0.648305312713713,5.1,5.18,26.7,,,Germany_2015_Female
Germany,2016,Female,41743046.0,167950.16787153867,0.0009849217630265,402.3428665736053,0.9076274377991981,0.7779663752564555,0.648305312713713,5.0,5.16,26.2,,,Germany_2016_Female
Germany,2017,Female,41886659.0,162327.0232569819,0.0009557147040664,387.5387226681935,0.9076274377991981,0.7779663752564555,0.648305312713713,5.0,5.14,25.8,15.3,14.6,Germany_2017_Female
Germany,2018,Female,42000654.0,156605.1480965168,0.000926004032042,372.86359421097774,0.9076274377991981,0.7779663752564555,0.648305312713713,5.0,5.14,25.4,,,Germany_2018_Female
France,2000,Female,31261871.0,47086.97116134431,0.0003801942017897,150.62109098122858,0.9076274377991981,0.7779663752564555,0.648305312713713,5.4,3.76,29.3,26.4,9.0,France_2000_Female
France,2001,Female,31503561.0,46924.684844030045,0.0003755268590899,148.95041498334123,0.9076274377991981,0.7779663752564555,0.648305312713713,5.3,3.77,28.9,,,France_2001_Female
France,2002,Female,31746213.0,46731.72209907224,0.0003702431627146,147.2040841503591,0.9076274377991981,0.7779663752564555,0.648305312713713,5.3,3.77,28.6,,9.1,France_2002_Female
France,2003,Female,31982904.0,46941.075477402585,0.0003677851630844,146.7692723506364,0.9076274377991981,0.7779663752564555,0.648305312713713,5.3,3.76,28.3,,,France_2003_Female
France,2004,Female,32232036.0,45237.00711184358,0.0003516100745918,140.3479665753773,0.9076274377991981,0.7779663752564555,0.648305312713713,5.3,3.74,28.1,,9.4,France_2004_Female
France,2005,Female,32490510.0,45663.20227357482,0.0003515310157418,140.54319945600983,0.9076274377991981,0.7779663752564555,0.648305312713713,5.3,3.71,27.8,23.2,,France_2005_Female
France,2006,Female,32717508.0,44631.159533773854,0.0003414411772224,136.4136887619126,0.9076274377991981,0.7779663752564555,0.648305312713713,5.3,3.65,27.5,,17.6,France_2006_Female
France,2007,Female,32911253.0,44085.69035774726,0.0003351619508015,133.95324194356036,0.9076274377991981,0.7779663752564555,0.648305312713713,5.3,3.58,27.2,,,France_2007_Female
France,2008,Female,33091110.0,43650.880877078496,0.0003298839241306,131.91120176107268,0.9076274377991981,0.7779663752564555,0.648305312713713,5.2,3.49,26.9,,12.7,France_2008_Female
France,2009,Female,33256028.0,42710.76409666364,0.0003212824266266,128.43014233889758,0.9076274377991981,0.7779663752564555,0.648305312713713,5.2,3.38,26.7,,,France_2009_Female
France,2010,Female,33412925.0,42160.95623871488,0.0003155233672189,126.18157865171901,0.9076274377991981,0.7779663752564555,0.648305312713713,5.2,3.25,26.4,26.6,13.4,France_2010_Female
France,2011,Female,33572806.0,41543.85164986221,0.0003089920851675,123.74256608119742,0.9076274377991981,0.7779663752564555,0.648305312713713,5.2,3.12,26.2,,,France_2011_Female
France,2012,Female,33731249.0,41267.47116339637,0.0003047348786214,122.34196001279516,0.9076274377991981,0.7779663752564555,0.648305312713713,5.2,2.97,25.9,,14.6,France_2012_Female
France,2013,Female,33898446.0,40088.02829765227,0.0002942165535534,118.25919187461358,0.9076274377991981,0.7779663752564555,0.648305312713713,5.2,2.82,25.6,,,France_2013_Female
France,2014,Female,34184117.0,38927.87118974291,0.0002840310455521,113.87707100857075,0.9076274377991981,0.7779663752564555,0.648305312713713,5.2,2.68,25.4,24.4,15.3,France_2014_Female
France,2015,Female,34319022.0,39033.73837388258,0.0002824803211836,113.73791005432084,0.9076274377991981,0.7779663752564555,0.648305312713713,5.2,2.54,25.2,25.8,17.4,France_2015_Female
France,2016,Female,34424889.0,38688.61381562224,0.0002783524570271,112.38558769389856,0.9076274377991981,0.7779663752564555,0.648305312713713,5.1,2.41,25.0,26.0,,France_2016_Female
France,2017,Female,34535809.0,38690.31269658823,0.0002767752172796,112.02955372085893,0.9076274377991981,0.7779663752564555,0.648305312713713,5.1,2.29,24.8,24.2,16.4,France_2017_Female
France,2018,Female,34658234.0,38255.24593376617,0.0002721110572039,110.37852053790787,0.9076274377991981,0.7779663752564555,0.648305312713713,5.1,2.17,24.6,22.9,,France_2018_Female
Israel,2000,Female,3186800.0,5441.943973134567,0.0003824845628156,170.76515542658993,0.9076274377991981,0.7779663752564555,0.648305312713713,5.2,7.97,29.8,15.4,,Israel_2000_Female
Israel,2001,Female,3262485.0,5288.27919600539,0.0003606690059878,162.0935941776097,0.9076274377991981,0.7779663752564555,0.648305312713713,5.2,8.13,29.3,,,Israel_2001_Female
Israel,2002,Female,3328223.0,5309.130621879396,0.0003498638282144,159.51847643260072,0.9076274377991981,0.7779663752564555,0.648305312713713,5.1,8.27,28.9,15.3,12.8,Israel_2002_Female
Israel,2003,Female,3387900.0,5219.441597502554,0.0003333607162965,154.06126501675237,0.9076274377991981,0.7779663752564555,0.648305312713713,5.1,8.4,28.6,,,Israel_2003_Female
Israel,2004,Female,3447001.0,5081.13105289542,0.0003154360234384,147.40729848629056,0.9076274377991981,0.7779663752564555,0.648305312713713,5.1,8.49,28.3,15.7,12.7,Israel_2004_Female
Israel,2005,Female,3506996.0,5148.366435751768,0.000311483761058,146.80274616086726,0.9076274377991981,0.7779663752564555,0.648305312713713,5.1,8.55,28.0,,,Israel_2005_Female
Israel,2006,Female,3568206.0,5031.746421922357,0.0002982489557952,141.01614149862303,0.9076274377991981,0.7779663752564555,0.648305312713713,5.1,8.56,27.8,13.9,11.5,Israel_2006_Female
Israel,2007,Female,3630918.0,5036.4837854356265,0.0002926757639649,138.71103080365975,0.9076274377991981,0.7779663752564555,0.648305312713713,5.0,8.54,27.5,,,Israel_2007_Female
Israel,2008,Female,3706978.0,4850.854444305019,0.0002770388819166,130.8573842171445,0.9076274377991981,0.7779663752564555,0.648305312713713,5.0,8.47,27.3,11.1,14.4,Israel_2008_Female
Israel,2009,Female,3784181.0,4663.868565280604,0.0002618105374711,123.24644527522877,0.9076274377991981,0.7779663752564555,0.648305312713713,5.0,8.36,27.1,,,Israel_2009_Female
Israel,2010,Female,3852240.0,4620.190342622623,0.0002543831894411,119.93516350545717,0.9076274377991981,0.7779663752564555,0.648305312713713,5.0,8.23,26.9,12.6,15.4,Israel_2010_Female
Israel,2011,Female,3924711.0,4604.095430067196,0.0002487996505731,117.31043203097491,0.9076274377991981,0.7779663752564555,0.648305312713713,5.0,8.07,26.6,,,Israel_2011_Female
Israel,2012,Female,3994400.0,4562.61805763373,0.0002424423368763,114.22536695457966,0.9076274377991981,0.7779663752564555,0.648305312713713,5.0,7.91,26.4,,,Israel_2012_Female
Israel,2013,Female,4068109.0,4375.14284023146,0.000228958731379,107.54733563509383,0.9076274377991981,0.7779663752564555,0.648305312713713,5.0,7.74,26.2,10.8,15.7,Israel_2013_Female
Israel,2014,Female,4145398.0,4259.327715279203,0.0002196647138978,102.74834202359347,0.9076274377991981,0.7779663752564555,0.648305312713713,5.0,7.58,26.0,11.4,17.4,Israel_2014_Female
Israel,2015,Female,4226916.0,4226.21016064054,0.0002145625002622,99.9833013156765,0.9076274377991981,0.7779663752564555,0.648305312713713,5.0,7.43,25.9,,19.0,Israel_2015_Female
Israel,2016,Female,4308780.0,4193.080745054344,0.0002095958346077,97.31480245114265,0.9076274377991981,0.7779663752564555,0.648305312713713,5.0,7.29,25.7,14.1,15.7,Israel_2016_Female
Israel,2017,Female,4391458.0,4072.431185759135,0.0002010160806835,92.73528713605221,0.9076274377991981,0.7779663752564555,0.648305312713713,5.0,7.17,25.6,12.8,14.1,Israel_2017_Female
Israel,2018,Female,4475480.0,4031.478987632264,0.0001965336105364,90.07925379249296,0.9076274377991981,0.7779663752564555,0.648305312713713,5.0,7.06,25.4,,,Israel_2018_Female
United States,2000,Female,143713409.0,,,,0.9076274377991981,0.7779663752564555,0.648305312713713,,,,17.3,34.0,United States_2000_Female
United States,2001,Female,145083005.0,,,,0.9076274377991981,0.7779663752564555,0.648305312713713,,,,17.1,22.8,United States_2001_Female
United States,2002,Female,146390096.0,,,,0.9076274377991981,0.7779663752564555,0.648305312713713,,,,16.5,34.1,United States_2002_Female
United States,2003,Female,147649491.0,,,,0.9076274377991981,0.7779663752564555,0.648305312713713,,,,15.7,23.7,United States_2003_Female
United States,2004,Female,148908065.0,,,,0.9076274377991981,0.7779663752564555,0.648305312713713,,,,15.1,34.0,United States_2004_Female
United States,2005,Female,150192384.0,,,,0.9076274377991981,0.7779663752564555,0.648305312713713,,,,14.9,24.8,United States_2005_Female
United States,2006,Female,151532510.0,,,,0.9076274377991981,0.7779663752564555,0.648305312713713,,,,14.5,36.3,United States_2006_Female
United States,2007,Female,152967793.0,,,,0.9076274377991981,0.7779663752564555,0.648305312713713,,,,13.7,25.6,United States_2007_Female
United States,2008,Female,154300620.0,,,,0.9076274377991981,0.7779663752564555,0.648305312713713,,,,15.1,36.2,United States_2008_Female
United States,2009,Female,155557060.0,,,,0.9076274377991981,0.7779663752564555,0.648305312713713,,,,14.4,27.3,United States_2009_Female
United States,2010,Female,157249665.0,,,,0.9076274377991981,0.7779663752564555,0.648305312713713,,,,13.6,36.1,United States_2010_Female
United States,2011,Female,158370501.0,,,,0.9076274377991981,0.7779663752564555,0.648305312713713,,,,13.3,28.0,United States_2011_Female
United States,2012,Female,159480635.0,,,,0.9076274377991981,0.7779663752564555,0.648305312713713,,,,12.5,36.6,United States_2012_Female
United States,2013,Female,160545893.0,,,,0.9076274377991981,0.7779663752564555,0.648305312713713,,,,11.9,28.3,United States_2013_Female
United States,2014,Female,161690519.0,,,,0.9076274377991981,0.7779663752564555,0.648305312713713,,,,11.8,41.0,United States_2014_Female
United States,2015,Female,162832151.0,,,,0.9076274377991981,0.7779663752564555,0.648305312713713,,,,10.7,29.8,United States_2015_Female
United States,2016,Female,163986062.0,,,,0.9076274377991981,0.7779663752564555,0.648305312713713,,,,10.5,41.6,United States_2016_Female
United States,2017,Female,165008683.0,,,,0.9076274377991981,0.7779663752564555,0.648305312713713,,,,9.5,31.4,United States_2017_Female
United States,2018,Female,165877686.0,,,,0.9076274377991981,0.7779663752564555,0.648305312713713,,,,9.1,42.1,United States_2018_Female
New Zealand,2000,Female,1964000.0,6148.571932546307,0.0006180063812168,313.0637440196694,0.9076274377991981,0.7779663752564555,0.648305312713713,5.4,5.05,30.6,25.0,,New Zealand_2000_Female
New Zealand,2001,Female,1977300.0,6420.5031529009975,0.000644695804817,324.71062321858074,0.9076274377991981,0.7779663752564555,0.648305312713713,5.4,5.07,30.5,25.0,,New Zealand_2001_Female
New Zealand,2002,Female,2012000.0,6693.625028087966,0.0006721881198422,332.6851405610321,0.9076274377991981,0.7779663752564555,0.648305312713713,5.3,5.1,30.4,24.0,,New Zealand_2002_Female
New Zealand,2003,Female,2051700.0,6926.290089139256,0.0006842901903963,337.58785831940617,0.9076274377991981,0.7779663752564555,0.648305312713713,5.3,5.14,30.3,23.0,25.6,New Zealand_2003_Female
New Zealand,2004,Female,2083800.0,7183.156524753347,0.0006964454809786,344.71429718559114,0.9076274377991981,0.7779663752564555,0.648305312713713,5.3,5.19,30.2,21.0,,New Zealand_2004_Female
New Zealand,2005,Female,2108700.0,7340.72302443555,0.0007027415569236,348.11604421850194,0.9076274377991981,0.7779663752564555,0.648305312713713,5.2,5.26,30.1,22.5,,New Zealand_2005_Female
New Zealand,2006,Female,2136200.0,7523.683590356916,0.0007118710259565,352.1994003537551,0.9076274377991981,0.7779663752564555,0.648305312713713,5.2,5.35,30.0,19.5,,New Zealand_2006_Female
New Zealand,2007,Female,2157300.0,7475.021768755631,0.0006985824896107,346.49894631046357,0.9076274377991981,0.7779663752564555,0.648305312713713,5.2,5.43,29.9,17.0,27.0,New Zealand_2007_Female
New Zealand,2008,Female,2176300.0,7373.416175633961,0.0006802793778457,338.8051360397905,0.9076274377991981,0.7779663752564555,0.648305312713713,5.1,5.53,29.8,,,New Zealand_2008_Female
New Zealand,2009,Female,2197900.0,7300.955601805091,0.000665312414535,332.1786979300737,0.9076274377991981,0.7779663752564555,0.648305312713713,5.1,5.62,29.7,,27.8,New Zealand_2009_Female
New Zealand,2010,Female,2222900.0,7225.3915532756355,0.0006498184769183,325.0434816355048,0.9076274377991981,0.7779663752564555,0.648305312713713,5.1,5.7,29.6,,,New Zealand_2010_Female
New Zealand,2011,Female,2240400.0,7318.158196381622,0.0006491733121241,326.6451614167837,0.9076274377991981,0.7779663752564555,0.648305312713713,5.1,5.77,29.4,,,New Zealand_2011_Female
New Zealand,2012,Female,2253100.0,7310.553654726411,0.0006431203851533,324.466453096907,0.9076274377991981,0.7779663752564555,0.648305312713713,5.0,5.85,29.2,15.9,29.0,New Zealand_2012_Female
New Zealand,2013,Female,2269900.0,7208.415634450293,0.0006304711626906,317.5653391977749,0.9076274377991981,0.7779663752564555,0.648305312713713,5.0,5.94,29.0,15.2,32.0,New Zealand_2013_Female
New Zealand,2014,Female,2300800.0,7254.888470562119,0.0006291511035095,315.32025689160815,0.9076274377991981,0.7779663752564555,0.648305312713713,5.0,6.05,28.7,14.4,30.2,New Zealand_2014_Female
New Zealand,2015,Female,2339300.0,7248.135268272527,0.0006205936434202,309.8420582341952,0.9076274377991981,0.7779663752564555,0.648305312713713,4.9,6.19,28.5,14.0,32.1,New Zealand_2015_Female
New Zealand,2016,Female,2385600.0,7172.084188734646,0.000606449265619,300.6406853091317,0.9076274377991981,0.7779663752564555,0.648305312713713,4.9,6.36,28.3,13.1,32.7,New Zealand_2016_Female
New Zealand,2017,Female,2430900.0,7169.204331219102,0.0005982349066442,294.919755284837,0.9076274377991981,0.7779663752564555,0.648305312713713,4.9,6.55,28.1,12.8,34.0,New Zealand_2017_Female
New Zealand,2018,Female,2470500.0,7053.519634655305,0.0005827286275729,285.5098010384661,0.9076274377991981,0.7779663752564555,0.648305312713713,4.8,6.77,27.9,12.2,33.8,New Zealand_2018_Female
Australia,2000,Female,9585337.0,20344.689201321475,0.0004249229122442,212.24803260773695,0.9076274377991981,0.7779663752564555,0.648305312713713,5.2,3.66,26.9,,,Australia_2000_Female
Australia,2001,Female,9712875.0,20148.556733192003,0.0004116466575684,207.4417382411696,0.9076274377991981,0.7779663752564555,0.648305312713713,5.2,3.74,26.7,18.0,17.0,Australia_2001_Female
Australia,2002,Female,9819727.0,20120.253333188517,0.0003966856470651,204.89625967390455,0.9076274377991981,0.7779663752564555,0.648305312713713,5.2,3.83,26.5,,,Australia_2002_Female
Australia,2003,Female,9933140.0,19910.14799459468,0.0003767860476466,200.44163270219366,0.9076274377991981,0.7779663752564555,0.648305312713713,5.1,3.94,26.3,,,Australia_2003_Female
Australia,2004,Female,10036771.0,19616.32264122162,0.0003580935431574,195.44455723082277,0.9076274377991981,0.7779663752564555,0.648305312713713,5.1,4.06,26.2,16.5,17.0,Australia_2004_Female
Australia,2005,Female,10157211.0,19367.275413040985,0.0003455223187504,190.67513132336214,0.9076274377991981,0.7779663752564555,0.648305312713713,5.1,4.2,26.1,,,Australia_2005_Female
Australia,2006,Female,10291542.0,19282.372409453343,0.0003410692833685,187.36135371602566,0.9076274377991981,0.7779663752564555,0.648305312713713,5.0,4.36,26.0,,,Australia_2006_Female
Australia,2007,Female,10473986.0,19062.94341105474,0.0003371773845106,182.00275817682726,0.9076274377991981,0.7779663752564555,0.648305312713713,5.0,4.52,26.0,15.4,20.3,Australia_2007_Female
Australia,2008,Female,10677154.0,18888.0434102042,0.0003356398734495,176.90147964714382,0.9076274377991981,0.7779663752564555,0.648305312713713,5.0,4.7,26.0,,,Australia_2008_Female
Australia,2009,Female,10890856.0,18248.179724235044,0.0003261594347246,167.55505466452817,0.9076274377991981,0.7779663752564555,0.648305312713713,4.9,4.88,26.1,,,Australia_2009_Female
Australia,2010,Female,11063919.0,17950.316817173945,0.0003215352872478,162.24193992358354,0.9076274377991981,0.7779663752564555,0.648305312713713,4.9,5.04,26.1,14.1,,Australia_2010_Female
Australia,2011,Female,11221790.0,17601.750530846148,0.000315471723677,156.85332314048068,0.9076274377991981,0.7779663752564555,0.648305312713713,4.9,5.2,26.1,,28.2,Australia_2011_Female
Australia,2012,Female,11420486.0,17108.835393500143,0.0003075359930292,149.80829531685555,0.9076274377991981,0.7779663752564555,0.648305312713713,4.9,5.37,26.1,,,Australia_2012_Female
Australia,2013,Female,11621964.0,16431.317602336476,0.0002964393576632,141.38159094569968,0.9076274377991981,0.7779663752564555,0.648305312713713,4.8,5.55,26.1,11.3,,Australia_2013_Female
Australia,2014,Female,11807800.0,16183.547544407947,0.0002911606524367,137.05811026955018,0.9076274377991981,0.7779663752564555,0.648305312713713,4.8,5.74,26.2,,27.4,Australia_2014_Female
Australia,2015,Female,11988343.0,15955.348173515898,0.0002851654876078,133.0905211296999,0.9076274377991981,0.7779663752564555,0.648305312713713,4.8,5.97,26.2,,,Australia_2015_Female
Australia,2016,Female,12187868.0,15620.855639948802,0.0002763857192226,128.16725320580107,0.9076274377991981,0.7779663752564555,0.648305312713713,4.8,6.22,26.2,10.8,,Australia_2016_Female
Ireland,2000,Female,1906590.0,4493.698937441788,0.0005644865172678,235.69298787058509,0.9076274377991981,0.7779663752564555,0.648305312713713,5.2,3.7,30.9,,,Ireland_2000_Female
Ireland,2001,Female,1934070.0,4376.65579705738,0.0005409188820058,226.29252286925396,0.9076274377991981,0.7779663752564555,0.648305312713713,5.2,3.7,30.7,,,Ireland_2001_Female
Ireland,2002,Female,1971039.0,4296.404395947704,0.0005211538074542,217.97663039380268,0.9076274377991981,0.7779663752564555,0.648305312713713,5.1,3.71,30.5,27.0,14.0,Ireland_2002_Female
Ireland,2003,Female,2002939.0,4178.466670217126,0.0004969171703704,208.61677116562842,0.9076274377991981,0.7779663752564555,0.648305312713713,5.1,3.74,30.3,,,Ireland_2003_Female
Ireland,2004,Female,2033274.0,4065.3641145672623,0.0004738388957298,199.9417744272175,0.9076274377991981,0.7779663752564555,0.648305312713713,5.1,3.79,30.1,,,Ireland_2004_Female
Ireland,2005,Female,2072008.0,3959.727068813853,0.0004525516578043,191.1057809049894,0.9076274377991981,0.7779663752564555,0.648305312713713,5.1,3.85,29.9,,,Ireland_2005_Female
Ireland,2006,Female,2115607.0,3890.5993406194143,0.000435298839627,183.89990866070184,0.9076274377991981,0.7779663752564555,0.648305312713713,5.1,3.93,29.7,,,Ireland_2006_Female
Ireland,2007,Female,2184567.0,3764.177131568529,0.0004135774883076,172.30769903456974,0.9076274377991981,0.7779663752564555,0.648305312713713,5.0,4.02,29.5,22.0,24.0,Ireland_2007_Female
Ireland,2008,Female,2246489.0,3686.117668274705,0.0003971975196625,164.08349510167665,0.9076274377991981,0.7779663752564555,0.648305312713713,5.0,4.13,29.3,,,Ireland_2008_Female
Ireland,2009,Female,2276053.0,3584.589369103115,0.0003793693450829,157.49147181999345,0.9076274377991981,0.7779663752564555,0.648305312713713,5.0,4.24,29.1,,,Ireland_2009_Female
Ireland,2010,Female,2292582.0,3495.987624489802,0.0003640173931215,152.4912794608787,0.9076274377991981,0.7779663752564555,0.648305312713713,5.0,4.36,28.9,,,Ireland_2010_Female
Ireland,2011,Female,2304382.0,3457.9410233198023,0.0003542740569339,150.05936616931578,0.9076274377991981,0.7779663752564555,0.648305312713713,4.9,4.47,28.6,,,Ireland_2011_Female
Ireland,2012,Female,2318680.0,3395.713189849438,0.0003440849181734,146.45027299366183,0.9076274377991981,0.7779663752564555,0.648305312713713,4.9,4.6,28.4,,,Ireland_2012_Female
Ireland,2013,Female,2328538.0,3346.297663647988,0.0003361439080686,143.70809768395398,0.9076274377991981,0.7779663752564555,0.648305312713713,4.9,4.74,28.1,,,Ireland_2013_Female
Ireland,2014,Female,2346399.0,3255.800468889751,0.0003248926360035,138.75732426112316,0.9076274377991981,0.7779663752564555,0.648305312713713,4.9,4.9,27.8,,,Ireland_2014_Female
Ireland,2015,Female,2370069.0,3264.978742083861,0.0003237156478009,137.75880542228353,0.9076274377991981,0.7779663752564555,0.648305312713713,4.8,5.09,27.6,17.0,21.4,Ireland_2015_Female
Ireland,2016,Female,2393051.0,3253.1525260876533,0.0003206397706778,135.94162958029952,0.9076274377991981,0.7779663752564555,0.648305312713713,4.8,5.31,27.3,17.0,,Ireland_2016_Female
Austria,2000,Female,4136849.0,16610.66339407652,0.0009206999136321,401.52936193891827,0.9076274377991981,0.7779663752564555,0.648305312713713,5.4,4.29,39.6,,,Austria_2000_Female
Austria,2001,Female,4148373.0,16847.605938737117,0.0009280436395521,406.1256289812203,0.9076274377991981,0.7779663752564555,0.648305312713713,5.4,4.3,39.3,,,Austria_2001_Female
Canada,2000,Female,15491918.0,38212.31794677547,0.0004866613544685,246.6596966674847,0.9076274377991981,0.7779663752564555,0.648305312713713,5.2,6.08,25.6,,,Canada_2000_Female
Estonia,2000,Female,745910.0,4075.26699032259,0.0014779810455425,546.3483517210642,0.9076274377991981,0.7779663752564555,0.648305312713713,5.3,5.04,37.8,20.0,15.4,Estonia_2000_Female
Estonia,2001,Female,741430.0,3941.737559838256,0.0014338161222679,531.6398796701316,0.9076274377991981,0.7779663752564555,0.648305312713713,5.3,5.13,37.4,,,Estonia_2001_Female
Estonia,2002,Female,737205.0,3795.225870759695,0.0013870950166625,514.8128228592718,0.9076274377991981,0.7779663752564555,0.648305312713713,5.3,5.23,37.0,17.5,14.6,Estonia_2002_Female
Estonia,2003,Female,733000.0,3633.532541278147,0.0013317422319397,495.70703155227113,0.9076274377991981,0.7779663752564555,0.648305312713713,5.3,5.34,36.7,,,Estonia_2003_Female
Estonia,2004,Female,728970.0,3466.04945565247,0.0012739738139671,475.4721669825192,0.9076274377991981,0.7779663752564555,0.648305312713713,5.2,5.45,36.4,21.1,14.9,Estonia_2004_Female
Estonia,2005,Female,724955.0,3336.9646764758822,0.0012305136354789,460.2995601762706,0.9076274377991981,0.7779663752564555,0.648305312713713,5.2,5.58,36.1,,,Estonia_2005_Female
Estonia,2006,Female,720715.0,3200.32977570859,0.0011843730952612,444.049281020735,0.9076274377991981,0.7779663752564555,0.648305312713713,5.2,5.71,35.8,19.5,16.5,Estonia_2006_Female
Estonia,2007,Female,717525.0,3087.948581997004,0.0011443433479976,430.3611138283689,0.9076274377991981,0.7779663752564555,0.648305312713713,5.2,5.85,35.6,,,Estonia_2007_Female
Estonia,2008,Female,715405.0,2994.3856230345204,0.001111449971644,418.5581066716784,0.9076274377991981,0.7779663752564555,0.648305312713713,5.2,6.0,35.3,17.1,18.3,Estonia_2008_Female
Estonia,2009,Female,713455.0,2895.5482626509256,0.0010753822660722,405.8487588777043,0.9076274377991981,0.7779663752564555,0.648305312713713,5.2,6.15,35.1,,,Estonia_2009_Female
Estonia,2010,Female,711225.0,2790.89378840018,0.0010372649478317,392.4065926254251,0.9076274377991981,0.7779663752564555,0.648305312713713,5.1,6.31,35.0,18.7,16.8,Estonia_2010_Female
Estonia,2011,Female,708520.0,2698.213167677534,0.0010023257301841,380.82385362128576,0.9076274377991981,0.7779663752564555,0.648305312713713,5.1,6.47,34.8,,,Estonia_2011_Female
Estonia,2012,Female,705543.0,2612.123271494424,0.0009704080589665,370.22878428308746,0.9076274377991981,0.7779663752564555,0.648305312713713,5.1,6.64,34.7,18.3,19.3,Estonia_2012_Female
Estonia,2013,Female,702454.0,2528.6775005733966,0.0009379084958243,359.977664099485,0.9076274377991981,0.7779663752564555,0.648305312713713,5.1,6.82,34.6,,,Estonia_2013_Female
Estonia,2014,Female,699891.0,2432.9494251825336,0.0009015660749591,347.61833273788824,0.9076274377991981,0.7779663752564555,0.648305312713713,5.1,7.01,34.5,15.8,18.5,Estonia_2014_Female
Estonia,2015,Female,699059.0,2336.121092705141,0.00086612860557,334.18081917336605,0.9076274377991981,0.7779663752564555,0.648305312713713,5.1,7.22,34.4,,,Estonia_2015_Female
Estonia,2016,Female,698667.0,2258.1940013331478,0.0008387251442763,323.2146360616929,0.9076274377991981,0.7779663752564555,0.648305312713713,5.1,7.44,34.4,15.5,18.7,Estonia_2016_Female
Estonia,2017,Female,698073.0,2189.797312365618,0.0008149099122166,313.69173601695206,0.9076274377991981,0.7779663752564555,0.648305312713713,5.0,7.68,34.3,,,Estonia_2017_Female
Estonia,2018,Female,698617.0,2155.737541477588,0.0008028576404168,308.5721563428299,0.9076274377991981,0.7779663752564555,0.648305312713713,5.0,7.93,34.2,12.9,17.7,Estonia_2018_Female
Hungary,2000,Female,5352866.0,34220.55705839851,0.0018256090763336,639.294110078573,0.9076274377991981,0.7779663752564555,0.648305312713713,5.4,5.57,41.7,23.0,18.5,Hungary_2000_Female
Hungary,2001,Female,5343579.0,34020.44745081967,0.0018337262067584,636.6603254264543,0.9076274377991981,0.7779663752564555,0.648305312713713,5.3,5.65,41.5,,,Hungary_2001_Female
Hungary,2002,Female,5330891.0,33741.98795201663,0.0018536628414107,632.9521266147934,0.9076274377991981,0.7779663752564555,0.648305312713713,5.3,5.74,41.3,,,Hungary_2002_Female
Hungary,2003,Female,5318267.0,33465.479924963416,0.0018805298552811,629.2553556442995,0.9076274377991981,0.7779663752564555,0.648305312713713,5.3,5.84,41.1,24.6,18.0,Hungary_2003_Female
Hungary,2004,Female,5308529.0,32969.51355122765,0.0018873189079276,621.0668445293912,0.9076274377991981,0.7779663752564555,0.648305312713713,5.3,5.95,41.1,,,Hungary_2004_Female
Hungary,2005,Female,5298219.0,32506.613990247886,0.0018800427847742,613.5385115309105,0.9076274377991981,0.7779663752564555,0.648305312713713,5.3,6.07,41.0,,,Hungary_2005_Female
Hungary,2006,Female,5289541.0,31801.78523059641,0.0018470886390305,601.2201291302291,0.9076274377991981,0.7779663752564555,0.648305312713713,5.2,6.2,41.0,,,Hungary_2006_Female
Hungary,2007,Female,5281459.0,31200.36868853442,0.001817618346892,590.7528334222499,0.9076274377991981,0.7779663752564555,0.648305312713713,5.2,6.35,41.1,,,Hungary_2007_Female
Hungary,2008,Female,5271883.0,30320.654073441143,0.0017715865709915,575.1389792497508,0.9076274377991981,0.7779663752564555,0.648305312713713,5.2,6.5,41.1,,,Hungary_2008_Female
Hungary,2009,Female,5262676.0,29567.17189293866,0.0017293088829613,561.8277069106792,0.9076274377991981,0.7779663752564555,0.648305312713713,5.2,6.66,41.1,21.7,30.4,Hungary_2009_Female
Hungary,2010,Female,5249620.0,28843.789334978486,0.0016919865501943,549.4452805151323,0.9076274377991981,0.7779663752564555,0.648305312713713,5.1,6.82,41.1,,,Hungary_2010_Female
Hungary,2011,Female,5224540.0,27835.855208928813,0.0016398016180594,532.790546324247,0.9076274377991981,0.7779663752564555,0.648305312713713,5.1,6.99,41.1,,,Hungary_2011_Female
Iceland,2000,Female,140434.0,307.3917236648921,0.0005507008548115,218.88696730484932,0.9076274377991981,0.7779663752564555,0.648305312713713,5.4,2.92,30.4,22.0,,Iceland_2000_Female
Iceland,2001,Female,142307.0,302.3785026463312,0.0005342843819288,212.48322475094776,0.9076274377991981,0.7779663752564555,0.648305312713713,5.4,2.91,30.3,22.1,,Iceland_2001_Female
Iceland,2002,Female,143653.0,311.56523488498453,0.0005430309432036,216.8873847987752,0.9076274377991981,0.7779663752564555,0.648305312713713,5.3,2.9,30.3,20.4,12.4,Iceland_2002_Female
Iceland,2003,Female,144675.0,319.85494609171224,0.0005516574692212,221.08515368357504,0.9076274377991981,0.7779663752564555,0.648305312713713,5.3,2.91,30.1,19.2,,Iceland_2003_Female
Iceland,2004,Female,145789.0,320.26743178271767,0.0005480557122946,219.67873555804462,0.9076274377991981,0.7779663752564555,0.648305312713713,5.2,2.92,30.0,18.6,,Iceland_2004_Female
Iceland,2005,Female,147552.0,321.52300347279584,0.0005450365496594,217.9048765674446,0.9076274377991981,0.7779663752564555,0.648305312713713,5.2,2.94,29.8,19.2,,Iceland_2005_Female
Iceland,2006,Female,149893.0,323.49967602306486,0.0005407068805632,215.82040256920928,0.9076274377991981,0.7779663752564555,0.648305312713713,5.1,2.96,29.5,17.0,,Iceland_2006_Female
Iceland,2007,Female,152830.0,315.2340410974916,0.0005184987169231,206.26450376070903,0.9076274377991981,0.7779663752564555,0.648305312713713,5.1,2.98,29.2,17.6,21.3,Iceland_2007_Female
Iceland,2008,Female,155928.0,319.5163223431234,0.0005147108149726,204.91273045451968,0.9076274377991981,0.7779663752564555,0.648305312713713,5.1,3.01,28.9,15.0,,Iceland_2008_Female
Iceland,2009,Female,157494.0,311.4237428446532,0.0004943885626265,197.7368933703209,0.9076274377991981,0.7779663752564555,0.648305312713713,5.0,3.03,28.6,15.2,,Iceland_2009_Female
Iceland,2010,Female,158069.0,300.8501673508786,0.0004747423808468,190.32838023323905,0.9076274377991981,0.7779663752564555,0.648305312713713,5.0,3.05,28.2,13.9,19.3,Iceland_2010_Female
Korea,2000,Female,23341342.0,,,,0.9076274377991981,0.7779663752564555,0.648305312713713,,,,,,Korea_2000_Female
Korea,2001,Female,23515193.0,,,,0.9076274377991981,0.7779663752564555,0.648305312713713,,,,4.2,3.3,Korea_2001_Female
Korea,2002,Female,23653359.0,,,,0.9076274377991981,0.7779663752564555,0.648305312713713,,,,,,Korea_2002_Female
Korea,2003,Female,23771458.0,,,,0.9076274377991981,0.7779663752564555,0.648305312713713,,,,,,Korea_2003_Female
Korea,2004,Female,23871779.0,,,,0.9076274377991981,0.7779663752564555,0.648305312713713,,,,,,Korea_2004_Female
Korea,2005,Female,23941327.0,,,,0.9076274377991981,0.7779663752564555,0.648305312713713,,,,4.7,3.3,Korea_2005_Female
Korea,2006,Female,24068731.0,,,,0.9076274377991981,0.7779663752564555,0.648305312713713,,,,,,Korea_2006_Female
Korea,2007,Female,24192448.0,,,,0.9076274377991981,0.7779663752564555,0.648305312713713,,,,5.4,3.9,Korea_2007_Female
Korea,2008,Female,24383060.0,,,,0.9076274377991981,0.7779663752564555,0.648305312713713,,,,7.4,3.4,Korea_2008_Female
Korea,2009,Female,24533494.0,,,,0.9076274377991981,0.7779663752564555,0.648305312713713,,,,7.0,4.1,Korea_2009_Female
Korea,2010,Female,24672998.0,,,,0.9076274377991981,0.7779663752564555,0.648305312713713,,,,5.2,4.7,Korea_2010_Female
Korea,2011,Female,24866771.0,,,,0.9076274377991981,0.7779663752564555,0.648305312713713,,,,5.1,4.6,Korea_2011_Female
Korea,2012,Female,25012473.0,,,,0.9076274377991981,0.7779663752564555,0.648305312713713,,,,5.8,4.7,Korea_2012_Female
Korea,2013,Female,25143574.0,,,,0.9076274377991981,0.7779663752564555,0.648305312713713,,,,4.3,4.2,Korea_2013_Female
Korea,2014,Female,25301582.0,,,,0.9076274377991981,0.7779663752564555,0.648305312713713,,,,4.0,3.8,Korea_2014_Female
Korea,2015,Female,25429053.0,,,,0.9076274377991981,0.7779663752564555,0.648305312713713,,,,3.4,4.6,Korea_2015_Female
Korea,2016,Female,25546854.0,,,,0.9076274377991981,0.7779663752564555,0.648305312713713,,,,4.1,5.1,Korea_2016_Female
Korea,2017,Female,25625118.0,,,,0.9076274377991981,0.7779663752564555,0.648305312713713,,,,3.5,5.3,Korea_2017_Female
Latvia,2000,Female,1277623.0,8906.55192924006,0.0017731750558741,697.118941130526,0.9076274377991981,0.7779663752564555,0.648305312713713,5.5,5.03,42.6,,15.0,Latvia_2000_Female
Latvia,2001,Female,1262565.0,8702.00919712689,0.0017596190021668,689.232569976745,0.9076274377991981,0.7779663752564555,0.648305312713713,5.4,5.1,42.3,,,Latvia_2001_Female
Latvia,2002,Female,1249638.0,8440.880051044445,0.0017311281903349,675.4660190426704,0.9076274377991981,0.7779663752564555,0.648305312713713,5.4,5.17,42.1,,16.4,Latvia_2002_Female
Latvia,2003,Female,1238310.0,8194.116807935952,0.0017036198458775,661.7177288349405,0.9076274377991981,0.7779663752564555,0.648305312713713,5.4,5.24,41.8,,,Latvia_2003_Female
Latvia,2004,Female,1224835.0,7927.480777461762,0.001668210824727,647.2284656677643,0.9076274377991981,0.7779663752564555,0.648305312713713,5.4,5.32,41.6,,19.5,Latvia_2004_Female
Latvia,2005,Female,1211715.0,7704.373328092196,0.0016443157332843,635.8238800454063,0.9076274377991981,0.7779663752564555,0.648305312713713,5.4,5.41,41.4,,,Latvia_2005_Female
Latvia,2006,Female,1200429.0,7522.787904543613,0.0016226217881589,626.674955748621,0.9076274377991981,0.7779663752564555,0.648305312713713,5.4,5.51,41.2,,18.1,Latvia_2006_Female
Latvia,2007,Female,1189908.0,7400.760716065912,0.0016163817137173,621.9607495760943,0.9076274377991981,0.7779663752564555,0.648305312713713,5.3,5.61,41.0,,,Latvia_2007_Female
Latvia,2008,Female,1177476.0,7231.750187521346,0.0015953601037013,614.1738929304161,0.9076274377991981,0.7779663752564555,0.648305312713713,5.3,5.72,40.8,13.0,20.2,Latvia_2008_Female
Latvia,2009,Female,1159879.0,7103.17813791723,0.0015846709088801,612.4068232908114,0.9076274377991981,0.7779663752564555,0.648305312713713,5.3,5.84,40.7,,,Latvia_2009_Female
Latvia,2010,Female,1138119.0,6945.620790569787,0.0015697828664113,610.2719303139467,0.9076274377991981,0.7779663752564555,0.648305312713713,5.3,5.97,40.5,,17.9,Latvia_2010_Female
Latvia,2011,Female,1118336.0,6696.262174107333,0.0015304431133386,598.7701526292038,0.9076274377991981,0.7779663752564555,0.648305312713713,5.3,6.11,40.3,,,Latvia_2011_Female
Latvia,2012,Female,1103627.0,6435.433704743788,0.0014856693810566,583.1167328040895,0.9076274377991981,0.7779663752564555,0.648305312713713,5.2,6.26,40.1,,18.6,Latvia_2012_Female
Latvia,2013,Female,1090837.0,6129.690765817875,0.0014287367757642,561.9254541070641,0.9076274377991981,0.7779663752564555,0.648305312713713,5.2,6.42,39.9,,,Latvia_2013_Female
Latvia,2014,Female,1079654.0,5845.1053186844165,0.0013751410269992,541.3868997553305,0.9076274377991981,0.7779663752564555,0.648305312713713,5.2,6.59,39.8,14.6,25.1,Latvia_2014_Female
Latvia,2015,Female,1069775.0,5610.839294501595,0.0013329536841978,524.4877936483462,0.9076274377991981,0.7779663752564555,0.648305312713713,5.2,6.78,39.6,,,Latvia_2015_Female
Latvia,2016,Female,1059544.0,5380.553663718373,0.0012926111287956,507.81785973195764,0.9076274377991981,0.7779663752564555,0.648305312713713,5.1,6.99,39.4,,26.8,Latvia_2016_Female
Latvia,2017,Female,1049585.0,5205.333843080225,0.0012654822185987,495.9420955025296,0.9076274377991981,0.7779663752564555,0.648305312713713,5.1,7.22,39.2,,24.1,Latvia_2017_Female
Latvia,2018,Female,1039898.0,5039.572374718746,0.0012407808537396,484.6217970145866,0.9076274377991981,0.7779663752564555,0.648305312713713,5.1,7.47,39.1,,28.3,Latvia_2018_Female
Lithuania,2000,Female,1861923.0,11122.818233025017,0.0015196182468192,597.3833629545915,0.9076274377991981,0.7779663752564555,0.648305312713713,5.6,6.83,46.8,,,Lithuania_2000_Female
Lithuania,2001,Female,1848576.0,11010.825899206751,0.0015215572271491,595.6382588114717,0.9076274377991981,0.7779663752564555,0.648305312713713,5.6,6.95,46.4,,,Lithuania_2001_Female
Lithuania,2002,Female,1835741.0,10952.507419060748,0.0015320869933575,596.6259629795678,0.9076274377991981,0.7779663752564555,0.648305312713713,5.5,7.08,46.1,,,Lithuania_2002_Female
Lithuania,2003,Female,1822655.0,10872.097178617632,0.0015407206065639,596.4978110842497,0.9076274377991981,0.7779663752564555,0.648305312713713,5.5,7.21,45.8,,,Lithuania_2003_Female
Lithuania,2004,Female,1803934.0,10842.755808545751,0.0015573249848888,601.0616690270127,0.9076274377991981,0.7779663752564555,0.648305312713713,5.5,7.35,45.6,,,Lithuania_2004_Female
Lithuania,2005,Female,1777164.0,10851.797876434852,0.0015805714688652,610.6244486403535,0.9076274377991981,0.7779663752564555,0.648305312713713,5.5,7.5,45.4,9.8,18.2,Lithuania_2005_Female
Lithuania,2006,Female,1752280.0,10844.963924606278,0.0016023696140179,618.9058783188918,0.9076274377991981,0.7779663752564555,0.648305312713713,5.4,7.65,45.2,,,Lithuania_2006_Female
Lithuania,2007,Female,1734187.0,10833.398218575569,0.0016226919659567,624.6960805596841,0.9076274377991981,0.7779663752564555,0.648305312713713,5.4,7.81,45.0,,,Lithuania_2007_Female
Lithuania,2008,Female,1717845.0,10860.251752978911,0.0016448798848131,632.2020760300791,0.9076274377991981,0.7779663752564555,0.648305312713713,5.4,7.96,44.7,,,Lithuania_2008_Female
Lithuania,2009,Female,1701140.0,10848.24350179947,0.0016664305251227,637.704333670331,0.9076274377991981,0.7779663752564555,0.648305312713713,5.4,8.12,44.5,,,Lithuania_2009_Female
Lithuania,2010,Female,1668571.0,10844.483001043136,0.0016864160039094,649.9263741874416,0.9076274377991981,0.7779663752564555,0.648305312713713,5.3,8.28,44.3,,,Lithuania_2010_Female
Lithuania,2011,Female,1632748.0,10740.534320108132,0.0016903482646677,657.8194749041575,0.9076274377991981,0.7779663752564555,0.648305312713713,5.3,8.44,44.1,,,Lithuania_2011_Female
Lithuania,2012,Female,1611572.0,10654.94058521433,0.0016940149362571,661.1520047018893,0.9076274377991981,0.7779663752564555,0.648305312713713,5.3,8.6,43.8,,,Lithuania_2012_Female
Lithuania,2013,Female,1595246.0,10493.503223808204,0.0016836348785238,657.7984350882688,0.9076274377991981,0.7779663752564555,0.648305312713713,5.3,8.77,43.6,,,Lithuania_2013_Female
Lithuania,2014,Female,1581241.0,10298.899741299618,0.0016665605402959,651.3175247352945,0.9076274377991981,0.7779663752564555,0.648305312713713,5.2,8.95,43.3,9.2,19.2,Lithuania_2014_Female
Lithuania,2015,Female,1566978.0,10123.176488533038,0.0016513460628566,646.0318197532472,0.9076274377991981,0.7779663752564555,0.648305312713713,5.2,9.15,43.0,,,Lithuania_2015_Female
Lithuania,2016,Female,1547334.0,9838.350589083637,0.0016188750925886,635.8259166465441,0.9076274377991981,0.7779663752564555,0.648305312713713,5.2,9.36,42.8,,,Lithuania_2016_Female
Lithuania,2017,Female,1523663.0,9604.46775583152,0.001592876792589,630.3538089348839,0.9076274377991981,0.7779663752564555,0.648305312713713,5.2,9.58,42.5,,18.9,Lithuania_2017_Female
Lithuania,2018,Female,1505101.0,9334.257169125116,0.0015583722696753,620.1748034932617,0.9076274377991981,0.7779663752564555,0.648305312713713,5.2,9.83,42.3,,,Lithuania_2018_Female
Luxembourg,2000,Female,221348.0,397.6272568330826,0.0004423260064898,179.63896526423665,0.9076274377991981,0.7779663752564555,0.648305312713713,5.4,4.31,33.7,,,Luxembourg_2000_Female
Luxembourg,2001,Female,223961.0,391.59161598814336,0.0004292584429007,174.84812801699553,0.9076274377991981,0.7779663752564555,0.648305312713713,5.3,4.32,33.6,23.0,,Luxembourg_2001_Female
Luxembourg,2002,Female,226253.0,381.9530894710144,0.0004131464463125,168.81680661516725,0.9076274377991981,0.7779663752564555,0.648305312713713,5.3,4.33,33.4,22.0,,Luxembourg_2002_Female
Luxembourg,2003,Female,228770.0,382.7952660292305,0.0004083368086302,167.32756306737355,0.9076274377991981,0.7779663752564555,0.648305312713713,5.3,4.35,33.3,22.0,,Luxembourg_2003_Female
Luxembourg,2004,Female,231666.0,367.07430738925575,0.0003867070238315,158.4497972897429,0.9076274377991981,0.7779663752564555,0.648305312713713,5.2,4.36,33.0,23.0,,Luxembourg_2004_Female
Luxembourg,2005,Female,235025.0,367.3247978599873,0.0003814782479516,156.29179783426756,0.9076274377991981,0.7779663752564555,0.648305312713713,5.2,4.38,32.7,19.0,,Luxembourg_2005_Female
Luxembourg,2006,Female,238695.0,368.5716711914287,0.0003771155718702,154.41114023814018,0.9076274377991981,0.7779663752564555,0.648305312713713,5.2,4.39,32.3,18.0,,Luxembourg_2006_Female
Luxembourg,2007,Female,242291.0,365.0628544067591,0.0003685814447034,150.6712401231408,0.9076274377991981,0.7779663752564555,0.648305312713713,5.1,4.4,31.9,18.0,,Luxembourg_2007_Female
Luxembourg,2008,Female,246426.0,365.42094317207966,0.0003637213538224,148.28830690433625,0.9076274377991981,0.7779663752564555,0.648305312713713,5.1,4.4,31.5,18.0,,Luxembourg_2008_Female
Luxembourg,2009,Female,250661.0,362.460477418548,0.0003554318201959,144.60186363995516,0.9076274377991981,0.7779663752564555,0.648305312713713,5.1,4.39,31.0,17.0,,Luxembourg_2009_Female
Luxembourg,2010,Female,254939.0,363.3389152399683,0.0003508660081717,142.51994211947496,0.9076274377991981,0.7779663752564555,0.648305312713713,5.1,4.37,30.4,15.7,,Luxembourg_2010_Female
Luxembourg,2011,Female,260129.0,365.1018023762183,0.0003465373035547,140.35413290183652,0.9076274377991981,0.7779663752564555,0.648305312713713,5.0,4.35,29.8,15.5,,Luxembourg_2011_Female
Luxembourg,2012,Female,265831.0,364.58102198580417,0.0003392467178546,137.14766975477056,0.9076274377991981,0.7779663752564555,0.648305312713713,5.0,4.32,29.1,15.2,,Luxembourg_2012_Female
Luxembourg,2013,Female,271595.0,357.23834853311223,0.0003260069590641,131.5334776167132,0.9076274377991981,0.7779663752564555,0.648305312713713,5.0,4.3,28.4,13.9,,Luxembourg_2013_Female
Luxembourg,2014,Female,277776.0,348.41169846538526,0.0003118012372225,125.42901419322952,0.9076274377991981,0.7779663752564555,0.648305312713713,5.0,4.28,27.7,13.7,14.4,Luxembourg_2014_Female
Luxembourg,2015,Female,284021.0,352.8961923969632,0.0003088210751669,124.25003517238628,0.9076274377991981,0.7779663752564555,0.648305312713713,4.9,4.28,26.9,13.9,,Luxembourg_2015_Female
Luxembourg,2016,Female,290544.0,348.74494309396647,0.0002991677724691,120.03171398960794,0.9076274377991981,0.7779663752564555,0.648305312713713,4.9,4.29,26.2,12.6,,Luxembourg_2016_Female
Luxembourg,2017,Female,296724.0,339.1559064787419,0.0002856838029463,114.30012620439933,0.9076274377991981,0.7779663752564555,0.648305312713713,4.9,4.3,25.5,14.0,14.3,Luxembourg_2017_Female
Luxembourg,2018,Female,302298.0,337.05435441284635,0.0002788223936393,111.49738152844093,0.9076274377991981,0.7779663752564555,0.648305312713713,4.9,4.33,24.9,13.4,,Luxembourg_2018_Female
Poland,2000,Female,19715808.0,71059.77367616438,0.0010419136190732,360.420296627784,0.9076274377991981,0.7779663752564555,0.648305312713713,5.2,4.59,41.5,,,Poland_2000_Female
Poland,2001,Female,19716825.0,70384.8373906977,0.0010355820985338,356.97855709881134,0.9076274377991981,0.7779663752564555,0.648305312713713,5.2,4.62,41.2,19.5,,Poland_2001_Female
Poland,2002,Female,19715122.0,69834.85552284865,0.0010300669089235,354.21974828686655,0.9076274377991981,0.7779663752564555,0.648305312713713,5.2,4.68,40.9,,,Poland_2002_Female
Poland,2003,Female,19702227.0,69798.26786120333,0.0010312800280225,354.2658800002829,0.9076274377991981,0.7779663752564555,0.648305312713713,5.2,4.75,40.7,,,Poland_2003_Female
Poland,2004,Female,19701881.0,69747.01616522254,0.0010310425500816,354.011965483004,0.9076274377991981,0.7779663752564555,0.648305312713713,5.2,4.85,40.6,19.3,12.5,Poland_2004_Female
Poland,2005,Female,19700583.0,70630.6944753213,0.0010472806709768,358.52083400436067,0.9076274377991981,0.7779663752564555,0.648305312713713,5.2,4.97,40.6,,,Poland_2005_Female
Poland,2006,Female,19696176.0,71392.09225868106,0.0010625542582057,362.46676643568304,0.9076274377991981,0.7779663752564555,0.648305312713713,5.2,5.1,40.7,,,Poland_2006_Female
Poland,2007,Female,19698893.0,72743.56699244255,0.0010885216033376,369.2774360084221,0.9076274377991981,0.7779663752564555,0.648305312713713,5.1,5.26,40.8,,,Poland_2007_Female
Poland,2008,Female,19707504.0,73886.7087228812,0.0011115944503537,374.91662426089675,0.9076274377991981,0.7779663752564555,0.648305312713713,5.1,5.43,40.9,,15.8,Poland_2008_Female
Poland,2009,Female,19730046.0,74633.99235130468,0.0011294938221671,378.2758152277226,0.9076274377991981,0.7779663752564555,0.648305312713713,5.1,5.62,41.0,17.9,15.2,Poland_2009_Female
Poland,2010,Female,19869085.0,74929.32452760983,0.0011375711325026,377.115123960715,0.9076274377991981,0.7779663752564555,0.648305312713713,5.1,5.82,41.1,,,Poland_2010_Female
Poland,2011,Female,19875565.0,73738.62632544347,0.0011206949089729,371.0014096476929,0.9076274377991981,0.7779663752564555,0.648305312713713,5.0,6.03,41.2,,,Poland_2011_Female
Poland,2012,Female,19882348.0,71348.00152876093,0.0010889595412717,358.85098444490023,0.9076274377991981,0.7779663752564555,0.648305312713713,5.0,6.25,41.3,,,Poland_2012_Female
Poland,2013,Female,19868029.0,68323.77013545592,0.0010462246216873,343.88801292496566,0.9076274377991981,0.7779663752564555,0.648305312713713,5.0,6.49,41.4,,,Poland_2013_Female
Poland,2014,Female,19860916.0,65505.14875513892,0.0010062592899096,329.819373664029,0.9076274377991981,0.7779663752564555,0.648305312713713,5.0,6.73,41.6,17.2,15.6,Poland_2014_Female
Poland,2015,Female,19847159.0,64246.30297710677,0.0009884210363845,323.7052868730823,0.9076274377991981,0.7779663752564555,0.648305312713713,4.9,6.99,41.8,,,Poland_2015_Female
Poland,2016,Female,19835181.0,63777.547222795176,0.0009832696703127,321.53751066246974,0.9076274377991981,0.7779663752564555,0.648305312713713,4.9,7.26,42.0,,,Poland_2016_Female
Poland,2017,Female,19833606.0,63948.82815634414,0.0009865837404502,322.4266336456625,0.9076274377991981,0.7779663752564555,0.648305312713713,4.9,7.54,42.2,,16.1,Poland_2017_Female
Poland,2018,Female,19829503.0,63879.4203793498,0.0009868236597057,322.143325424494,0.9076274377991981,0.7779663752564555,0.648305312713713,4.9,7.83,42.4,,,Poland_2018_Female
Spain,2000,Female,20685751.0,36743.70689285482,0.0004469684616522,177.62810203436567,0.9076274377991981,0.7779663752564555,0.648305312713713,5.2,6.68,31.5,,,Spain_2000_Female
Spain,2001,Female,20793005.0,37368.98160093314,0.000447931341303,179.71900454471654,0.9076274377991981,0.7779663752564555,0.648305312713713,5.1,6.74,31.2,24.6,13.5,Spain_2001_Female
Spain,2002,Female,21096666.0,38294.45749660663,0.0004508494227229,181.51900161194487,0.9076274377991981,0.7779663752564555,0.648305312713713,5.1,6.76,30.9,,,Spain_2002_Female
Spain,2003,Female,21458232.0,39289.00721895123,0.0004536609738608,183.09526721004428,0.9076274377991981,0.7779663752564555,0.648305312713713,5.1,6.72,30.6,22.4,13.4,Spain_2003_Female
Spain,2004,Female,21766121.0,39302.41635367495,0.0004456807394913,180.56692946655468,0.9076274377991981,0.7779663752564555,0.648305312713713,5.1,6.64,30.2,,,Spain_2004_Female
Spain,2005,Female,22120648.0,39867.30718550903,0.0004444757647364,180.2266696052893,0.9076274377991981,0.7779663752564555,0.648305312713713,5.1,6.52,29.7,,,Spain_2005_Female
Spain,2006,Female,22459813.0,38838.47569657738,0.0004266603300609,172.92430572141174,0.9076274377991981,0.7779663752564555,0.648305312713713,5.0,6.35,29.2,21.5,14.7,Spain_2006_Female
Spain,2007,Female,22873931.0,37071.228094366335,0.000401336594078,162.0675873087417,0.9076274377991981,0.7779663752564555,0.648305312713713,5.0,6.14,28.6,,,Spain_2007_Female
Spain,2008,Female,23226305.0,34488.2060912988,0.0003680147760821,148.48770000780925,0.9076274377991981,0.7779663752564555,0.648305312713713,5.0,5.89,28.0,,,Spain_2008_Female
Spain,2009,Female,23433048.0,31737.965737556264,0.0003350112797116,135.4410477781476,0.9076274377991981,0.7779663752564555,0.648305312713713,5.0,5.62,27.3,21.3,14.4,Spain_2009_Female
Spain,2010,Female,23553902.0,29819.37797675585,0.0003124720777257,126.60058608019958,0.9076274377991981,0.7779663752564555,0.648305312713713,5.0,5.34,26.6,,,Spain_2010_Female
Spain,2011,Female,23662983.0,28728.977788139247,0.000300537356837,121.40894403777936,0.9076274377991981,0.7779663752564555,0.648305312713713,5.0,5.06,25.9,20.2,15.6,Spain_2011_Female
Türkiye,2000,Female,32105327.0,55326.14026464025,0.0003423671457711,172.3269794593285,0.9076274377991981,0.7779663752564555,0.648305312713713,4.8,10.18,43.0,,,Türkiye_2000_Female
Türkiye,2008,Female,35412839.0,65266.622537077084,0.00039186671353,184.30214684870955,0.9076274377991981,0.7779663752564555,0.648305312713713,4.7,11.71,39.3,11.6,18.5,Türkiye_2008_Female
Türkiye,2009,Female,35857398.0,67037.12021682481,0.0004032114120984,186.95478187464917,0.9076274377991981,0.7779663752564555,0.648305312713713,4.7,12.03,38.8,,,Türkiye_2009_Female
Türkiye,2010,Female,36389331.0,68753.15085198077,0.0004125287906117,188.93766101932673,0.9076274377991981,0.7779663752564555,0.648305312713713,4.7,12.37,38.4,12.3,21.0,Türkiye_2010_Female
Türkiye,2011,Female,36935568.0,70018.51866031774,0.0004180300184691,189.5693567249805,0.9076274377991981,0.7779663752564555,0.648305312713713,4.7,12.72,37.9,,29.2,Türkiye_2011_Female
Türkiye,2012,Female,37431271.0,70798.10716061278,0.0004207619538443,189.14160612022172,0.9076274377991981,0.7779663752564555,0.648305312713713,4.7,13.09,37.5,10.7,20.9,Türkiye_2012_Female
Türkiye,2013,Female,37932864.0,71381.71222588711,0.000421613491949,188.17907402374658,0.9076274377991981,0.7779663752564555,0.648305312713713,4.7,13.48,37.1,,,Türkiye_2013_Female
Türkiye,2014,Female,38453058.0,72103.54073981586,0.0004223673098267,187.51055049982202,0.9076274377991981,0.7779663752564555,0.648305312713713,4.7,13.9,36.7,13.1,24.5,Türkiye_2014_Female
Türkiye,2015,Female,38970738.0,73292.20465886201,0.0004243339998762,188.0698401422678,0.9076274377991981,0.7779663752564555,0.648305312713713,4.7,14.36,36.3,,,Türkiye_2015_Female
Türkiye,2016,Female,39500548.0,74933.24234874132,0.0004270605472876,189.70177919744637,0.9076274377991981,0.7779663752564555,0.648305312713713,4.7,14.83,35.8,13.3,23.9,Türkiye_2016_Female
Türkiye,2017,Female,40023311.0,76727.83073079075,0.0004329972298121,191.7078542821976,0.9076274377991981,0.7779663752564555,0.648305312713713,4.6,15.24,35.3,,35.9,Türkiye_2017_Female
Türkiye,2018,Female,40569649.0,78808.24734505119,0.0004409645622112,194.25420058490323,0.9076274377991981,0.7779663752564555,0.648305312713713,4.6,15.59,34.8,,,Türkiye_2018_Female
United Kingdom,2000,Female,30195615.0,88593.34328528732,0.0007065411577962,293.3980423491534,0.9076274377991981,0.7779663752564555,0.648305312713713,,,,25.5,21.4,United Kingdom_2000_Female
United Kingdom,2001,Female,30280752.0,86529.03076326358,0.0006886738769877,285.7558846730873,0.9076274377991981,0.7779663752564555,0.648305312713713,,,,25.6,23.5,United Kingdom_2001_Female
United Kingdom,2002,Female,30392930.0,84232.80382100248,0.0006672902057402,277.1460462054908,0.9076274377991981,0.7779663752564555,0.648305312713713,,,,25.0,22.8,United Kingdom_2002_Female
United Kingdom,2003,Female,30511344.0,81674.19236375013,0.0006440263038681,267.6846761117771,0.9076274377991981,0.7779663752564555,0.648305312713713,,,,24.2,23.0,United Kingdom_2003_Female
United Kingdom,2004,Female,30653395.0,78570.52102365404,0.0006168830462016,256.31914841293775,0.9076274377991981,0.7779663752564555,0.648305312713713,,,,23.0,23.2,United Kingdom_2004_Female
United Kingdom,2005,Female,30872295.0,77146.76852864266,0.0006012067872499,249.8899694002103,0.9076274377991981,0.7779663752564555,0.648305312713713,,,,22.7,24.2,United Kingdom_2005_Female
United Kingdom,2006,Female,31065488.0,75955.6771725586,0.0005860836239369,244.5017994649194,0.9076274377991981,0.7779663752564555,0.648305312713713,,,,20.9,24.2,United Kingdom_2006_Female
United Kingdom,2007,Female,31291193.0,75426.346246709,0.00057476051916,241.04656619103335,0.9076274377991981,0.7779663752564555,0.648305312713713,,,,19.7,24.4,United Kingdom_2007_Female
United Kingdom,2008,Female,31523149.0,74879.22164617953,0.0005630562626122,237.53725126312582,0.9076274377991981,0.7779663752564555,0.648305312713713,,,,20.6,24.9,United Kingdom_2008_Female
United Kingdom,2009,Female,31728274.0,73573.6490010759,0.0005463498282885,231.88670458744744,0.9076274377991981,0.7779663752564555,0.648305312713713,,,,20.2,23.9,United Kingdom_2009_Female
United Kingdom,2010,Female,31953963.0,72864.57893703577,0.0005344622677016,228.02986576981317,0.9076274377991981,0.7779663752564555,0.648305312713713,,,,19.8,26.1,United Kingdom_2010_Female
United Kingdom,2011,Female,32187886.0,71460.9767691297,0.0005182239330819,222.01202268806873,0.9076274377991981,0.7779663752564555,0.648305312713713,,,,18.8,25.9,United Kingdom_2011_Female
Iceland,2011,Female,156215.0,299.9911325615448,0.0004707484634947,192.03734120381836,0.9076274377991981,0.7779663752564555,0.648305312713713,5.0,3.08,27.8,14.2,,Iceland_2011_Female
Hungary,2016,Female,5088641.0,22850.57082323938,0.0013596531970156,449.0505583561383,0.9076274377991981,0.7779663752564555,0.648305312713713,5.0,7.93,40.9,,,Hungary_2016_Female
Iceland,2016,Female,163853.0,271.2101364358667,0.0004081652564831,165.52039720717147,0.9076274377991981,0.7779663752564555,0.648305312713713,4.8,3.35,25.5,10.8,,Iceland_2016_Female
Spain,2016,Female,23622448.0,25139.3533704572,0.0002699196695601,106.42145712610818,0.9076274377991981,0.7779663752564555,0.648305312713713,4.9,3.74,22.5,,,Spain_2016_Female
United Kingdom,2016,Female,33405110.0,67078.58310933327,0.000461357267145,200.80335945408734,0.9076274377991981,0.7779663752564555,0.648305312713713,,,,14.5,26.6,United Kingdom_2016_Female
Hungary,2015,Female,5114799.0,23623.79676771445,0.0014008716198396,461.8714590292688,0.9076274377991981,0.7779663752564555,0.648305312713713,5.0,7.73,41.0,,,Hungary_2015_Female
Iceland,2015,Female,162112.0,276.1812979688681,0.0004191764053947,170.36449983275025,0.9076274377991981,0.7779663752564555,0.648305312713713,4.8,3.27,26.0,11.0,18.0,Iceland_2015_Female
Spain,2015,Female,23586945.0,25669.518069859376,0.0002743251085921,108.82934636028267,0.9076274377991981,0.7779663752564555,0.648305312713713,4.9,3.98,23.1,,,Spain_2015_Female
United Kingdom,2015,Female,33129383.0,67875.49523454432,0.000470525526735,204.88004631581677,0.9076274377991981,0.7779663752564555,0.648305312713713,,,,16.6,26.8,United Kingdom_2015_Female
Hungary,2014,Female,5140593.0,24288.412148568816,0.0014375979071391,472.4826911714041,0.9076274377991981,0.7779663752564555,0.648305312713713,5.1,7.53,41.0,20.8,31.5,Hungary_2014_Female
Iceland,2014,Female,160734.0,277.6479897947544,0.0004255398678078,172.73756006492366,0.9076274377991981,0.7779663752564555,0.648305312713713,4.9,3.2,26.4,13.0,,Iceland_2014_Female
Spain,2014,Female,23597473.0,25821.63966145956,0.0002748143657252,109.4254442476089,0.9076274377991981,0.7779663752564555,0.648305312713713,4.9,4.23,23.8,18.6,16.3,Spain_2014_Female
United Kingdom,2014,Female,32896587.0,67663.71640968144,0.0004742692106141,205.68612911023698,0.9076274377991981,0.7779663752564555,0.648305312713713,,,,17.2,26.8,United Kingdom_2014_Female
Hungary,2013,Female,5167499.0,25392.7062930192,0.0015006954838781,491.3925729452333,0.9076274377991981,0.7779663752564555,0.648305312713713,5.1,7.34,41.0,,,Hungary_2013_Female
Iceland,2013,Female,158948.0,281.23330165138884,0.0004357318859766,176.93415560522237,0.9076274377991981,0.7779663752564555,0.648305312713713,4.9,3.15,26.9,12.1,,Iceland_2013_Female
Spain,2013,Female,23648876.0,26546.632373885597,0.0002804571028364,112.25325201030948,0.9076274377991981,0.7779663752564555,0.648305312713713,4.9,4.49,24.5,,,Spain_2013_Female
United Kingdom,2013,Female,32644620.0,68889.34140814964,0.0004879841625598,211.0281614800529,0.9076274377991981,0.7779663752564555,0.648305312713713,,,,16.8,23.8,United Kingdom_2013_Female
Hungary,2012,Female,5194745.0,26700.49732689497,0.0015755056550262,513.9905294079877,0.9076274377991981,0.7779663752564555,0.648305312713713,5.1,7.17,41.1,,,Hungary_2012_Female
Iceland,2012,Female,157291.0,290.764677006388,0.0004538857574951,184.85779669935852,0.9076274377991981,0.7779663752564555,0.648305312713713,4.9,3.11,27.4,12.8,23.1,Iceland_2012_Female
Spain,2012,Female,23700373.0,27861.504904669287,0.0002921246791421,117.55724226226012,0.9076274377991981,0.7779663752564555,0.648305312713713,4.9,4.77,25.2,,,Spain_2012_Female
United Kingdom,2012,Female,32416462.0,70448.46501368281,0.0005045203687444,217.32311506938302,0.9076274377991981,0.7779663752564555,0.648305312713713,,,,18.8,25.1,United Kingdom_2012_Female
Australia,2017,Female,12389001.0,15488.958361968576,0.0002708406108045,125.02185093026127,0.9076274377991981,0.7779663752564555,0.648305312713713,4.7,6.51,26.2,,29.3,Australia_2017_Female
Hungary,2017,Female,5065534.0,22357.829792501718,0.0013338689489332,441.37162621950057,0.9076274377991981,0.7779663752564555,0.648305312713713,5.0,8.14,40.9,,19.7,Hungary_2017_Female
Iceland,2017,Female,166738.0,262.4894015371362,0.0003911191025528,157.42626248193943,0.9076274377991981,0.7779663752564555,0.648305312713713,4.8,3.45,25.1,9.7,,Iceland_2017_Female
Ireland,2017,Female,2430068.0,3256.621730618393,0.0003200861777236,134.01360499452662,0.9076274377991981,0.7779663752564555,0.648305312713713,4.8,5.56,27.1,17.0,21.5,Ireland_2017_Female
Spain,2017,Female,23678767.0,25248.635741631955,0.0002713189121552,106.62985847883023,0.9076274377991981,0.7779663752564555,0.648305312713713,4.8,3.52,21.9,18.8,16.2,Spain_2017_Female
United Kingdom,2017,Female,33603134.0,67592.04650270267,0.0004618643214525,201.14804322329778,0.9076274377991981,0.7779663752564555,0.648305312713713,,,,15.0,30.0,United Kingdom_2017_Female
Türkiye,2001,Female,32545132.0,56431.18676016632,0.0003464129819587,173.39363306366778,0.9076274377991981,0.7779663752564555,0.648305312713713,4.8,10.37,42.8,,,Türkiye_2001_Female
Türkiye,2002,Female,32956462.0,57409.47858169219,0.0003498299306844,174.19794206578422,0.9076274377991981,0.7779663752564555,0.648305312713713,4.8,10.53,42.5,,,Türkiye_2002_Female
Türkiye,2003,Female,33347344.0,58365.27802948566,0.0003532278715873,175.02226872846504,0.9076274377991981,0.7779663752564555,0.648305312713713,4.8,10.69,42.1,17.8,14.5,Türkiye_2003_Female
Türkiye,2004,Female,33745028.0,59453.211812895206,0.0003578396169684,176.18361974064803,0.9076274377991981,0.7779663752564555,0.648305312713713,4.8,10.84,41.7,,,Türkiye_2004_Female
Türkiye,2005,Female,34159157.0,60732.06939266447,0.000363597558657,177.79147592156465,0.9076274377991981,0.7779663752564555,0.648305312713713,4.8,11.01,41.1,,,Türkiye_2005_Female
Türkiye,2006,Female,34584946.0,62177.660099060085,0.0003715058366302,179.7824408893398,0.9076274377991981,0.7779663752564555,0.648305312713713,4.8,11.21,40.5,16.6,,Türkiye_2006_Female
Türkiye,2007,Female,35012141.0,63669.65173668272,0.00038105979499,181.85020943644298,0.9076274377991981,0.7779663752564555,0.648305312713713,4.7,11.44,39.9,,,Türkiye_2007_Female
Australia,2018,Female,12573037.0,15147.696792844814,0.0002617322141043,120.47762837924373,0.9076274377991981,0.7779663752564555,0.648305312713713,4.7,6.82,26.3,,,Australia_2018_Female
Hungary,2018,Female,5047195.0,21862.01900480906,0.0013081480197756,433.1518596925433,0.9076274377991981,0.7779663752564555,0.648305312713713,5.0,8.36,40.9,,,Hungary_2018_Female
Iceland,2018,Female,169990.0,252.51424243102255,0.0003696100764514,148.54652769634833,0.9076274377991981,0.7779663752564555,0.648305312713713,4.7,3.56,24.6,9.1,,Iceland_2018_Female
Ireland,2018,Female,2465390.0,3245.0250444126,0.0003175255036023,131.62319326405154,0.9076274377991981,0.7779663752564555,0.648305312713713,4.8,5.84,26.8,15.0,,Ireland_2018_Female
Korea,2018,Female,25727369.0,,,,0.9076274377991981,0.7779663752564555,0.648305312713713,,,,4.5,4.9,Korea_2018_Female
Spain,2018,Female,23794728.0,25115.14873275512,0.000270656090593,105.54921549326018,0.9076274377991981,0.7779663752564555,0.648305312713713,4.8,3.32,21.4,,,Spain_2018_Female
United Kingdom,2018,Female,33789632.0,68039.79956799514,0.0004624608424715,201.3629493449208,0.9076274377991981,0.7779663752564555,0.648305312713713,,,,16.2,29.2,United Kingdom_2018_Female
Austria,2002,Female,4161549.0,17146.617454262738,0.000937204563477,412.02488434625513,0.9076274377991981,0.7779663752564555,0.648305312713713,5.4,4.31,39.1,,,Austria_2002_Female
Austria,2003,Female,4175339.0,17356.099606233438,0.0009411768881715,415.6812083098747,0.9076274377991981,0.7779663752564555,0.648305312713713,5.3,4.32,38.9,,,Austria_2003_Female
Austria,2004,Female,4199831.0,17425.747138493465,0.0009387143551778,414.9154367995633,0.9076274377991981,0.7779663752564555,0.648305312713713,5.3,4.33,38.5,,,Austria_2004_Female
Austria,2005,Female,4224101.0,17663.61563897446,0.0009465758753381,418.162720043258,0.9076274377991981,0.7779663752564555,0.648305312713713,5.3,4.34,38.2,,,Austria_2005_Female
Austria,2006,Female,4243724.0,17732.538750528365,0.0009485949244512,417.8532522503434,0.9076274377991981,0.7779663752564555,0.648305312713713,5.2,4.34,37.7,19.4,12.7,Austria_2006_Female
Austria,2007,Female,4257489.0,17622.99181617628,0.0009462274321819,413.92923895226227,0.9076274377991981,0.7779663752564555,0.648305312713713,5.2,4.35,37.3,,,Austria_2007_Female
Austria,2008,Female,4270076.0,17415.63950183941,0.0009408594221593,407.85315066615703,0.9076274377991981,0.7779663752564555,0.648305312713713,5.2,4.35,36.8,,,Austria_2008_Female
Austria,2009,Female,4278322.0,17121.698045534515,0.0009313326653708,400.196573458812,0.9076274377991981,0.7779663752564555,0.648305312713713,5.1,4.34,36.3,,,Austria_2009_Female
Austria,2010,Female,4287120.0,16903.418709571233,0.000924616599337,394.2837781440975,0.9076274377991981,0.7779663752564555,0.648305312713713,5.1,4.32,35.8,,,Austria_2010_Female
Austria,2011,Female,4299237.0,16625.658145629423,0.0009119075411392,386.7118315559115,0.9076274377991981,0.7779663752564555,0.648305312713713,5.1,4.29,35.2,,,Austria_2011_Female
Austria,2012,Female,4313398.0,16361.830995417651,0.000898185710797,379.3257889816254,0.9076274377991981,0.7779663752564555,0.648305312713713,5.1,4.27,34.6,,,Austria_2012_Female
Austria,2013,Female,4335521.0,15898.478965699009,0.000872253402509,366.7028476092956,0.9076274377991981,0.7779663752564555,0.648305312713713,5.0,4.26,34.0,,,Austria_2013_Female
Austria,2014,Female,4364420.0,15387.38041807058,0.0008443821221201,352.5641532682597,0.9076274377991981,0.7779663752564555,0.648305312713713,5.0,4.26,33.3,22.1,13.1,Austria_2014_Female
Austria,2015,Female,4395426.0,15143.22601813575,0.0008285697697955,344.52237435315146,0.9076274377991981,0.7779663752564555,0.648305312713713,5.0,4.27,32.6,,,Austria_2015_Female
Austria,2016,Female,4442720.0,14536.326632928864,0.000794703196612,327.1943006295437,0.9076274377991981,0.7779663752564555,0.648305312713713,5.0,4.29,32.0,,,Austria_2016_Female
Austria,2017,Female,4467649.0,13986.904780354806,0.0007632454522232,313.07080704761734,0.9076274377991981,0.7779663752564555,0.648305312713713,4.9,4.33,31.4,,13.7,Austria_2017_Female
Austria,2018,Female,4488128.0,13296.400506069423,0.0007261328284625,296.2571590219669,0.9076274377991981,0.7779663752564555,0.648305312713713,4.9,4.38,30.8,,,Austria_2018_Female
Canada,2001,Female,15654245.0,38218.191252550605,0.0004829285344405,244.13947304741046,0.9076274377991981,0.7779663752564555,0.648305312713713,5.1,5.95,25.3,20.2,13.8,Canada_2001_Female
Canada,2002,Female,15822037.0,36578.61242956678,0.0004588404073921,231.1877568581516,0.9076274377991981,0.7779663752564555,0.648305312713713,5.1,5.83,24.9,,,Canada_2002_Female
Canada,2003,Female,15963900.0,34003.485262957234,0.0004234646642067,213.0023694896437,0.9076274377991981,0.7779663752564555,0.648305312713713,5.1,5.72,24.6,17.0,13.9,Canada_2003_Female
Canada,2004,Female,16112598.0,31345.481724764395,0.0003867753261336,194.5402083808235,0.9076274377991981,0.7779663752564555,0.648305312713713,5.0,5.62,24.2,,22.6,Canada_2004_Female
Canada,2005,Female,16263177.0,29660.48398201193,0.000362677217871,182.37816622183925,0.9076274377991981,0.7779663752564555,0.648305312713713,5.0,5.54,23.9,15.6,22.1,Canada_2005_Female
Canada,2006,Female,16426431.0,28718.410691215,0.0003477923711876,174.8304953840247,0.9076274377991981,0.7779663752564555,0.648305312713713,5.0,5.47,23.6,,,Canada_2006_Female
Canada,2007,Female,16590033.0,28126.55911922717,0.0003373298888828,169.53889795895626,0.9076274377991981,0.7779663752564555,0.648305312713713,5.0,5.41,23.3,16.1,15.2,Canada_2007_Female
Canada,2008,Female,16772907.0,27469.818982144152,0.0003263722018214,163.77494361677526,0.9076274377991981,0.7779663752564555,0.648305312713713,4.9,5.36,23.0,15.1,23.3,Canada_2008_Female
Canada,2009,Female,16965894.0,26872.9827764655,0.000316339497367,158.39414519780388,0.9076274377991981,0.7779663752564555,0.648305312713713,4.9,5.31,22.7,14.2,16.1,Canada_2009_Female
Canada,2010,Female,17157442.0,26596.56798698533,0.0003101345119818,155.01476261429488,0.9076274377991981,0.7779663752564555,0.648305312713713,4.9,5.24,22.5,13.7,15.8,Canada_2010_Female
Canada,2011,Female,17326070.0,26375.83969265904,0.0003049204610848,152.23209702292004,0.9076274377991981,0.7779663752564555,0.648305312713713,4.9,5.18,22.2,14.0,25.2,Canada_2011_Female
Canada,2012,Female,17506006.0,26207.40977861105,0.0002998919906579,149.70524846507564,0.9076274377991981,0.7779663752564555,0.648305312713713,4.8,5.11,21.9,13.5,17.3,Canada_2012_Female
Canada,2013,Female,17683563.0,26194.70142957253,0.0002971824956078,148.1302236974106,0.9076274377991981,0.7779663752564555,0.648305312713713,4.8,5.06,21.6,12.9,26.3,Canada_2013_Female
Canada,2014,Female,17857434.0,26189.26847201296,0.0002941568738588,146.65751233919138,0.9076274377991981,0.7779663752564555,0.648305312713713,4.8,5.04,21.3,11.7,18.1,Canada_2014_Female
Canada,2015,Female,17993925.0,26202.903997124544,0.0002918444038627,145.62083590503207,0.9076274377991981,0.7779663752564555,0.648305312713713,4.8,5.05,21.0,11.3,18.0,Canada_2015_Female
Canada,2016,Female,18196277.0,26206.132156381154,0.0002895485779791,144.01919775337095,0.9076274377991981,0.7779663752564555,0.648305312713713,4.7,5.09,20.8,10.8,18.1,Canada_2016_Female
Canada,2017,Female,18402888.0,26544.209151793228,0.0002908291933201,144.2393669504114,0.9076274377991981,0.7779663752564555,0.648305312713713,4.7,5.15,20.5,10.0,27.0,Canada_2017_Female
Canada,2018,Female,18647430.0,26783.73286560288,0.0002910901406496,143.63230142493032,0.9076274377991981,0.7779663752564555,0.648305312713713,4.7,5.24,20.2,9.7,18.7,Canada_2018_Female
Mexico,2000,Female,50435664.0,36528.69479304551,0.0001516627257611,72.42631879109496,0.9076274377991981,0.7779663752564555,0.648305312713713,4.8,15.12,33.3,6.4,28.6,Mexico_2000_Female
Mexico,2001,Female,51162722.0,37810.20805936996,0.0001558530667212,73.90186952791518,0.9076274377991981,0.7779663752564555,0.648305312713713,4.8,15.6,33.5,,,Mexico_2001_Female
Mexico,2002,Female,51910774.0,38825.22098822417,0.0001589842309497,74.79222133775963,0.9076274377991981,0.7779663752564555,0.648305312713713,4.8,16.09,33.7,7.5,,Mexico_2002_Female
Mexico,2003,Female,52668079.0,39768.714264997885,0.0001618597633242,75.50819209676868,0.9076274377991981,0.7779663752564555,0.648305312713713,4.8,16.58,33.8,,,Mexico_2003_Female
Mexico,2004,Female,53427417.0,40456.65934294187,0.0001637167165785,75.72265629637658,0.9076274377991981,0.7779663752564555,0.648305312713713,4.8,17.08,33.9,,,Mexico_2004_Female
Mexico,2005,Female,54218394.0,41440.30232507397,0.000166667083535,76.43218337502577,0.9076274377991981,0.7779663752564555,0.648305312713713,4.8,17.59,34.0,,34.7,Mexico_2005_Female
Mexico,2006,Female,55078078.0,42034.39894553964,0.0001681553578905,76.31783909659963,0.9076274377991981,0.7779663752564555,0.648305312713713,4.8,18.1,34.1,6.5,34.5,Mexico_2006_Female
Mexico,2007,Female,56005923.0,42831.913718625256,0.0001705545733043,76.47747135356605,0.9076274377991981,0.7779663752564555,0.648305312713713,4.8,18.6,34.2,,,Mexico_2007_Female
Mexico,2008,Female,56931068.0,43874.26874963295,0.0001738801703329,77.06559931324836,0.9076274377991981,0.7779663752564555,0.648305312713713,4.8,19.06,34.2,6.1,,Mexico_2008_Female
Mexico,2009,Female,57811189.0,44702.24967339746,0.0001754478698857,77.3245637161994,0.9076274377991981,0.7779663752564555,0.648305312713713,4.8,19.46,34.3,3.7,,Mexico_2009_Female
Mexico,2010,Female,58668763.0,46451.15189305032,0.000181645310056,79.17527065135211,0.9076274377991981,0.7779663752564555,0.648305312713713,4.8,19.76,34.2,,,Mexico_2010_Female
Mexico,2011,Female,59506164.0,47663.964991563225,0.0001846629280705,80.0992061789821,0.9076274377991981,0.7779663752564555,0.648305312713713,4.8,19.93,34.1,5.5,,Mexico_2011_Female
Mexico,2012,Female,60309857.0,49175.382919626114,0.0001885444486043,81.53788678296172,0.9076274377991981,0.7779663752564555,0.648305312713713,4.8,19.94,33.9,,37.5,Mexico_2012_Female
Mexico,2013,Female,61082232.0,50939.27767879326,0.0001934232742828,83.39459121073581,0.9076274377991981,0.7779663752564555,0.648305312713713,4.8,19.8,33.6,,,Mexico_2013_Female
Mexico,2014,Female,61811585.0,52798.161866318536,0.0001992722296546,85.41790647549087,0.9076274377991981,0.7779663752564555,0.648305312713713,4.8,19.5,33.2,,,Mexico_2014_Female
Mexico,2015,Female,62472353.0,54791.777566742894,0.0002048773831602,87.70564087243984,0.9076274377991981,0.7779663752564555,0.648305312713713,4.8,19.08,32.9,3.6,,Mexico_2015_Female
Mexico,2016,Female,63080327.0,56725.214613333,0.0002113342493448,89.92536549998069,0.9076274377991981,0.7779663752564555,0.648305312713713,4.8,18.56,32.5,3.1,38.6,Mexico_2016_Female
Mexico,2017,Female,63674500.0,58486.66550299853,0.0002169232665419,91.85257128520605,0.9076274377991981,0.7779663752564555,0.648305312713713,4.8,18.0,32.1,,,Mexico_2017_Female
Mexico,2018,Female,64286372.0,60199.00711208342,0.0002228273447027,93.64194189101761,0.9076274377991981,0.7779663752564555,0.648305312713713,4.8,17.4,31.7,3.7,40.2,Mexico_2018_Female
Costa Rica,2000,Female,1938008.4,1815.4149393542891,0.0002169244250905,93.67425545494484,0.9076274377991981,0.7779663752564555,0.648305312713713,5.0,9.47,38.3,6.1,,Costa Rica_2000_Female
Costa Rica,2001,Female,1975733.4,1855.1681393005365,0.0002175722799287,93.89769587842856,0.9076274377991981,0.7779663752564555,0.648305312713713,5.0,9.91,38.6,,,Costa Rica_2001_Female
Costa Rica,2002,Female,2009846.7,1858.2983474661232,0.0002152081659236,92.45970588036009,0.9076274377991981,0.7779663752564555,0.648305312713713,5.0,10.39,39.0,,,Costa Rica_2002_Female
Costa Rica,2003,Female,2043883.7,1891.4892763856724,0.0002156606154965,92.54387988835532,0.9076274377991981,0.7779663752564555,0.648305312713713,5.0,10.91,39.3,,,Costa Rica_2003_Female
Costa Rica,2004,Female,2077433.8,1908.8831657397595,0.0002164133039872,91.88659420770757,0.9076274377991981,0.7779663752564555,0.648305312713713,5.0,11.48,39.6,,,Costa Rica_2004_Female
Costa Rica,2005,Female,2110495.7,1915.289453989812,0.0002115531970875,90.75069207626491,0.9076274377991981,0.7779663752564555,0.648305312713713,5.0,12.09,39.9,,,Costa Rica_2005_Female
Costa Rica,2006,Female,2143540.8,1915.5981027491323,0.0002113889427272,89.36606677834789,0.9076274377991981,0.7779663752564555,0.648305312713713,5.0,12.75,40.2,8.6,,Costa Rica_2006_Female
Costa Rica,2007,Female,2177155.3,1931.1570641116796,0.0002112715651473,88.70093300701515,0.9076274377991981,0.7779663752564555,0.648305312713713,5.0,13.45,40.5,8.7,,Costa Rica_2007_Female
Costa Rica,2008,Female,2210443.6,1944.28711037695,0.0002101681452615,87.95913681656252,0.9076274377991981,0.7779663752564555,0.648305312713713,5.0,14.2,40.8,8.9,,Costa Rica_2008_Female
Costa Rica,2009,Female,2242330.8,1944.652952374428,0.0002077492473621,86.72462387683512,0.9076274377991981,0.7779663752564555,0.648305312713713,5.0,14.98,40.9,9.1,,Costa Rica_2009_Female
Costa Rica,2010,Female,2273298.4,1962.3257188535545,0.0002041529197906,86.32063959810796,0.9076274377991981,0.7779663752564555,0.648305312713713,5.0,15.77,41.0,9.3,,Costa Rica_2010_Female
Costa Rica,2011,Female,2306073.8,1981.2050628875888,0.0002060099608903,85.91247439208533,0.9076274377991981,0.7779663752564555,0.648305312713713,5.0,16.59,41.0,8.4,,Costa Rica_2011_Female
Costa Rica,2012,Female,2337914.4,1994.8654200998603,0.0002042368660928,85.3267091429806,0.9076274377991981,0.7779663752564555,0.648305312713713,5.0,17.39,40.9,7.5,,Costa Rica_2012_Female
Costa Rica,2013,Female,2369011.1,1999.2187858465247,0.0002002911327118,84.39043556387408,0.9076274377991981,0.7779663752564555,0.648305312713713,5.0,18.15,40.8,6.6,,Costa Rica_2013_Female
Costa Rica,2014,Female,2400223.3,2021.9791663519004,0.000203598222528,84.24129398093505,0.9076274377991981,0.7779663752564555,0.648305312713713,4.9,18.85,40.6,5.8,35.3,Costa Rica_2014_Female
Costa Rica,2015,Female,2430828.2,2043.2746601915844,0.000202902620701,84.05672849243662,0.9076274377991981,0.7779663752564555,0.648305312713713,4.9,19.48,40.3,5.8,,Costa Rica_2015_Female
Costa Rica,2016,Female,2460021.1,2061.07352989136,0.0002020757868091,83.78275820038128,0.9076274377991981,0.7779663752564555,0.648305312713713,4.9,20.04,40.1,5.9,,Costa Rica_2016_Female
Costa Rica,2017,Female,2487369.6,2077.9936887709223,0.0002044053019033,83.541814162677,0.9076274377991981,0.7779663752564555,0.648305312713713,4.9,20.55,39.8,5.6,,Costa Rica_2017_Female
Costa Rica,2018,Female,2513448.4,2095.161271747992,0.0002054707648345,83.35803797475978,0.9076274377991981,0.7779663752564555,0.648305312713713,4.9,21.02,39.6,5.3,35.8,Costa Rica_2018_Female
Australia,2018,Male,12390221.0,29624.281913035516,0.0006056293626259,239.09405581252764,1.0579784898997795,1.1393614506613008,1.2207444114228225,4.6,7.27,32.3,,,Australia_2018_Male
Hungary,2018,Male,4659766.0,24312.657222454447,0.0017475630396577,521.7570415006772,1.0579784898997795,1.1393614506613008,1.2207444114228225,5.0,11.79,56.0,,,Hungary_2018_Male
Iceland,2018,Male,175831.0,563.2957435872906,0.0009207719111799,320.36202011436586,1.0579784898997795,1.1393614506613008,1.2207444114228225,4.6,6.17,31.3,8.1,,Iceland_2018_Male
Ireland,2018,Male,2419506.0,6546.6094487300425,0.0007486978765634,270.57628494122525,1.0579784898997795,1.1393614506613008,1.2207444114228225,4.5,7.49,38.5,19.0,,Ireland_2018_Male
Korea,2018,Male,25857689.0,,,,1.0579784898997795,1.1393614506613008,1.2207444114228225,,,,30.5,6.9,Korea_2018_Male
Spain,2018,Male,22920655.0,47056.1899957216,0.0005985073717796,205.30037206930427,1.0579784898997795,1.1393614506613008,1.2207444114228225,4.7,5.57,34.1,,,Spain_2018_Male
United Kingdom,2018,Male,32499295.0,119384.3272083284,0.0009852045448245,367.3443599571264,1.0579784898997795,1.1393614506613008,1.2207444114228225,,,,17.0,26.2,United Kingdom_2018_Male
Australia,2017,Male,12203587.0,29676.181393666888,0.0006144770862521,243.17589077430173,1.0579784898997795,1.1393614506613008,1.2207444114228225,4.7,7.14,32.3,,31.5,Australia_2017_Male
Hungary,2017,Male,4661221.0,25104.31878700488,0.0017990951668404,538.578170548122,1.0579784898997795,1.1393614506613008,1.2207444114228225,5.0,11.5,56.1,,20.4,Hungary_2017_Male
Iceland,2017,Male,170608.0,585.3125431242381,0.000981161531927,343.0745000962664,1.0579784898997795,1.1393614506613008,1.2207444114228225,4.6,6.09,31.8,9.1,,Iceland_2017_Male
Ireland,2017,Male,2380827.0,6488.447417796943,0.0007442085065873,272.5291429321384,1.0579784898997795,1.1393614506613008,1.2207444114228225,4.6,7.28,38.7,20.0,24.2,Ireland_2017_Male
Spain,2017,Male,22831694.0,47133.124661920185,0.0005970211867061,206.43726506635986,1.0579784898997795,1.1393614506613008,1.2207444114228225,4.7,5.84,34.6,25.6,17.5,Spain_2017_Male
United Kingdom,2017,Male,32362858.0,117391.06571213422,0.0009712983575431,362.73392699783875,1.0579784898997795,1.1393614506613008,1.2207444114228225,,,,18.7,27.4,United Kingdom_2017_Male
Hungary,2012,Male,4718843.0,30905.499221766284,0.0021909893543712,654.938068966615,1.0579784898997795,1.1393614506613008,1.2207444114228225,5.1,10.25,56.7,,,Hungary_2012_Male
Iceland,2012,Male,157207.0,638.4740319322776,0.0011289946747442,406.1358794024933,1.0579784898997795,1.1393614506613008,1.2207444114228225,4.8,5.78,34.3,14.9,21.3,Iceland_2012_Male
Spain,2012,Male,23048930.0,50472.274743776296,0.0006103557216804,218.978819163303,1.0579784898997795,1.1393614506613008,1.2207444114228225,4.9,7.3,37.6,,,Spain_2012_Male
United Kingdom,2012,Male,31294381.0,115228.24944924752,0.0009918725612986,368.2074729301964,1.0579784898997795,1.1393614506613008,1.2207444114228225,,,,22.2,24.4,United Kingdom_2012_Male
Hungary,2013,Male,4705238.0,29347.977104275236,0.00208446038913,623.7299176848277,1.0579784898997795,1.1393614506613008,1.2207444114228225,5.1,10.48,56.6,,,Hungary_2013_Male
Iceland,2013,Male,158817.0,637.6405484185827,0.0011193820383153,401.49388819747435,1.0579784898997795,1.1393614506613008,1.2207444114228225,4.8,5.83,33.8,10.7,,Iceland_2013_Male
Spain,2013,Male,22932248.0,49087.2792227628,0.0006018815708147,214.05349891019318,1.0579784898997795,1.1393614506613008,1.2207444114228225,4.8,7.0,37.0,,,Spain_2013_Male
United Kingdom,2013,Male,31494101.0,114131.91940712206,0.000972756422093,362.39141865685275,1.0579784898997795,1.1393614506613008,1.2207444114228225,,,,21.6,26.0,United Kingdom_2013_Male
Hungary,2014,Male,4692441.0,27927.19103507693,0.001987109115547,595.1527368181493,1.0579784898997795,1.1393614506613008,1.2207444114228225,5.0,10.71,56.5,31.6,28.2,Hungary_2014_Male
Iceland,2014,Male,160644.0,642.2683224291201,0.00111581702116,399.8084724167228,1.0579784898997795,1.1393614506613008,1.2207444114228225,4.7,5.89,33.2,12.1,,Iceland_2014_Male
Spain,2014,Male,22835577.0,48214.28172224258,0.0005991986051131,211.13669132267853,1.0579784898997795,1.1393614506613008,1.2207444114228225,4.8,6.71,36.3,27.6,17.1,Spain_2014_Male
United Kingdom,2014,Male,31722906.0,113654.46394901173,0.0009596041035718,358.27254901871765,1.0579784898997795,1.1393614506613008,1.2207444114228225,,,,20.4,24.3,United Kingdom_2014_Male
Hungary,2015,Male,4682957.0,26954.18407252291,0.0019212839333688,575.5804307518285,1.0579784898997795,1.1393614506613008,1.2207444114228225,5.0,10.96,56.4,,,Hungary_2015_Male
Iceland,2015,Male,162418.0,630.54184225926,0.0010854243862176,388.2216517007105,1.0579784898997795,1.1393614506613008,1.2207444114228225,4.7,5.95,32.7,10.7,18.1,Iceland_2015_Male
Spain,2015,Male,22797434.0,47729.91260946824,0.0005985514371333,209.36528474857408,1.0579784898997795,1.1393614506613008,1.2207444114228225,4.8,6.42,35.7,,,Spain_2015_Male
United Kingdom,2015,Male,31958675.0,114528.96794301104,0.0009581614616888,358.3658206825253,1.0579784898997795,1.1393614506613008,1.2207444114228225,,,,19.1,26.9,United Kingdom_2015_Male
Hungary,2016,Male,4671119.0,25993.983046862257,0.0018576620044328,556.4829979039768,1.0579784898997795,1.1393614506613008,1.2207444114228225,5.0,11.22,56.3,,,Hungary_2016_Male
Iceland,2016,Male,165419.0,617.9117720120951,0.0010516429533805,373.5434091682909,1.0579784898997795,1.1393614506613008,1.2207444114228225,4.7,6.02,32.2,9.5,,Iceland_2016_Male
Spain,2016,Male,22804652.0,47242.82873512359,0.000596154535511,207.1631206436458,1.0579784898997795,1.1393614506613008,1.2207444114228225,4.7,6.13,35.1,,,Spain_2016_Male
United Kingdom,2016,Male,32202031.0,115450.04766440268,0.0009592695491563,358.51790734690826,1.0579784898997795,1.1393614506613008,1.2207444114228225,,,,17.7,25.7,United Kingdom_2016_Male
Iceland,2011,Male,156295.0,640.5349310174165,0.0011362329429899,409.82432644513034,1.0579784898997795,1.1393614506613008,1.2207444114228225,4.9,5.73,34.7,14.4,,Iceland_2011_Male
Poland,2000,Male,18542670.0,97301.51108270584,0.0016250684450817,524.7437994782081,1.0579784898997795,1.1393614506613008,1.2207444114228225,5.2,5.82,49.4,,,Poland_2000_Male
Türkiye,2003,Male,33447208.0,89876.42299588071,0.0005860748252948,268.7112867414246,1.0579784898997795,1.1393614506613008,1.2207444114228225,4.6,9.53,32.8,51.1,9.7,Türkiye_2003_Male
Türkiye,2004,Male,33853709.0,90833.37797119678,0.0005907839295344,268.311451401667,1.0579784898997795,1.1393614506613008,1.2207444114228225,4.6,9.81,32.6,,,Türkiye_2004_Male
Türkiye,2005,Male,34276224.0,92082.18095176433,0.0005973752249265,268.64738937335784,1.0579784898997795,1.1393614506613008,1.2207444114228225,4.6,10.1,32.4,,,Türkiye_2005_Male
Türkiye,2006,Male,34710308.0,93290.68415474932,0.0006061576243309,268.76939310002473,1.0579784898997795,1.1393614506613008,1.2207444114228225,4.6,10.4,32.1,50.6,,Türkiye_2006_Male
Türkiye,2007,Male,35145971.0,94314.75752502904,0.0006165228687978,268.351548816304,1.0579784898997795,1.1393614506613008,1.2207444114228225,4.6,10.72,31.8,,,Türkiye_2007_Male
Austria,2002,Male,3918743.0,22213.499243645718,0.0014572644988164,566.8526679000312,1.0579784898997795,1.1393614506613008,1.2207444114228225,5.4,5.62,44.4,,,Austria_2002_Male
Austria,2003,Male,3939063.0,22629.775730068057,0.0014755802201,574.496415265967,1.0579784898997795,1.1393614506613008,1.2207444114228225,5.4,5.69,44.2,,,Austria_2003_Male
Austria,2004,Male,3966601.0,23065.8111145426,0.0014950322817371,581.5006630246552,1.0579784898997795,1.1393614506613008,1.2207444114228225,5.3,5.76,44.1,,,Austria_2004_Male
Austria,2005,Male,3997989.0,23575.60819771078,0.001519856558636,589.6866699160698,1.0579784898997795,1.1393614506613008,1.2207444114228225,5.3,5.81,43.9,,,Austria_2005_Male
Austria,2006,Male,4021951.0,24033.641705939783,0.001544412221444,597.561773028557,1.0579784898997795,1.1393614506613008,1.2207444114228225,5.3,5.84,43.7,27.3,12.0,Austria_2006_Male
Austria,2007,Male,4036165.0,24383.08185349093,0.0015687472053639,604.1150907728235,1.0579784898997795,1.1393614506613008,1.2207444114228225,5.2,5.86,43.4,,,Austria_2007_Male
Austria,2008,Male,4049312.0,24687.96477375165,0.0015937299251281,609.6829479613241,1.0579784898997795,1.1393614506613008,1.2207444114228225,5.2,5.87,43.1,,,Austria_2008_Male
Austria,2009,Male,4060430.0,24882.51451204031,0.0016133209832517,612.8049125841428,1.0579784898997795,1.1393614506613008,1.2207444114228225,5.2,5.87,42.8,,,Austria_2009_Male
Austria,2010,Male,4070247.0,25141.01825290054,0.0016360085561014,617.6779505740202,1.0579784898997795,1.1393614506613008,1.2207444114228225,5.2,5.85,42.4,,,Austria_2010_Male
Austria,2011,Male,4085664.0,25281.0060837047,0.0016492499489729,618.7734988414294,1.0579784898997795,1.1393614506613008,1.2207444114228225,5.1,5.83,41.9,,,Austria_2011_Male
Austria,2012,Male,4106930.0,25376.997888837497,0.0016581892577272,617.9067548956884,1.0579784898997795,1.1393614506613008,1.2207444114228225,5.1,5.8,41.4,,,Austria_2012_Male
Austria,2013,Male,4136655.0,25313.02913751979,0.0016539284330577,611.9202383935761,1.0579784898997795,1.1393614506613008,1.2207444114228225,5.1,5.77,40.8,,,Austria_2013_Male
Austria,2014,Male,4173930.0,25153.13265837452,0.0016422062992882,602.6246884440927,1.0579784898997795,1.1393614506613008,1.2207444114228225,5.1,5.75,40.2,26.5,15.6,Austria_2014_Male
Austria,2015,Male,4223283.0,25097.899356322723,0.0016313541842322,594.2746284424397,1.0579784898997795,1.1393614506613008,1.2207444114228225,5.0,5.72,39.7,,,Austria_2015_Male
Austria,2016,Male,4294943.0,24493.369511715096,0.0015858750593014,570.283924878982,1.0579784898997795,1.1393614506613008,1.2207444114228225,5.0,5.7,39.1,,,Austria_2016_Male
Austria,2017,Male,4322975.0,23331.175430690364,0.0015072273609008,539.701835673127,1.0579784898997795,1.1393614506613008,1.2207444114228225,5.0,5.68,38.5,,16.3,Austria_2017_Male
Austria,2018,Male,4345064.0,22023.40174180859,0.0014226648262429,506.8602382337427,1.0579784898997795,1.1393614506613008,1.2207444114228225,5.0,5.67,38.0,,,Austria_2018_Male
Canada,2001,Male,15366610.0,50413.794168910405,0.0007297254664877,328.073623062669,1.0579784898997795,1.1393614506613008,1.2207444114228225,5.1,7.26,30.3,24.7,15.9,Canada_2001_Male
Canada,2002,Male,15537162.0,49329.81008659489,0.0007092257726566,317.4956281372035,1.0579784898997795,1.1393614506613008,1.2207444114228225,5.1,7.23,29.8,,,Canada_2002_Male
Canada,2003,Male,15678561.0,47290.63612513361,0.0006751416587406,301.6261257977286,1.0579784898997795,1.1393614506613008,1.2207444114228225,5.1,7.2,29.4,20.5,15.7,Canada_2003_Male
Canada,2004,Male,15826209.0,45070.49339136877,0.0006379268842292,284.78388849388233,1.0579784898997795,1.1393614506613008,1.2207444114228225,5.0,7.18,29.0,,22.2,Canada_2004_Male
Canada,2005,Male,15979555.0,43754.75818615669,0.0006138975955815,273.8171256092969,1.0579784898997795,1.1393614506613008,1.2207444114228225,5.0,7.18,28.6,19.2,25.2,Canada_2005_Male
Canada,2006,Male,16144762.0,43037.37529393385,0.0005983989036527,266.57175431842137,1.0579784898997795,1.1393614506613008,1.2207444114228225,5.0,7.19,28.2,,,Canada_2006_Male
Canada,2007,Male,16298853.0,42366.61892970763,0.0005840119226566,259.93619876016817,1.0579784898997795,1.1393614506613008,1.2207444114228225,4.9,7.21,27.9,20.4,17.2,Canada_2007_Male
Canada,2008,Male,16474391.0,41811.16479122072,0.0005713719088737,253.79490380688864,1.0579784898997795,1.1393614506613008,1.2207444114228225,4.9,7.25,27.5,20.0,25.2,Canada_2008_Male
Canada,2009,Male,16664175.0,41410.87279495866,0.0005608853747076,248.50238787673956,1.0579784898997795,1.1393614506613008,1.2207444114228225,4.9,7.31,27.2,18.3,18.3,Canada_2009_Male
Canada,2010,Male,16848460.0,41526.37841934473,0.0005571167618196,246.46987569988428,1.0579784898997795,1.1393614506613008,1.2207444114228225,4.8,7.36,26.9,19.0,19.1,Canada_2010_Male
Canada,2011,Male,17013151.0,42069.13963813382,0.0005588959054995,247.27423884108134,1.0579784898997795,1.1393614506613008,1.2207444114228225,4.8,7.4,26.5,17.4,27.3,Canada_2011_Male
Canada,2012,Male,17207389.0,42898.75623390127,0.0005635534967197,249.3042740761034,1.0579784898997795,1.1393614506613008,1.2207444114228225,4.8,7.45,26.2,18.7,18.1,Canada_2012_Male
Canada,2013,Male,17397429.0,43838.34772100704,0.0005700402906243,251.9817596094632,1.0579784898997795,1.1393614506613008,1.2207444114228225,4.7,7.5,25.9,16.9,26.5,Canada_2013_Male
Canada,2014,Male,17576632.0,44707.88815598322,0.0005749829443474,254.3598122551762,1.0579784898997795,1.1393614506613008,1.2207444114228225,4.7,7.55,25.6,16.3,21.1,Canada_2014_Male
Canada,2015,Male,17710573.0,45469.677335581626,0.000579000354126,256.73747165369315,1.0579784898997795,1.1393614506613008,1.2207444114228225,4.7,7.61,25.3,14.9,20.5,Canada_2015_Male
Canada,2016,Male,17914526.0,46037.758628755546,0.0005807802215242,256.98563628619337,1.0579784898997795,1.1393614506613008,1.2207444114228225,4.6,7.68,25.0,14.2,21.3,Canada_2016_Male
Canada,2017,Male,18142187.0,46663.50534196238,0.0005833327522334,257.2099237096519,1.0579784898997795,1.1393614506613008,1.2207444114228225,4.6,7.74,24.8,14.2,26.9,Canada_2017_Male
Canada,2018,Male,18425190.0,47097.1915567174,0.0005836672918552,255.61305775797916,1.0579784898997795,1.1393614506613008,1.2207444114228225,4.6,7.79,24.5,12.8,20.7,Canada_2018_Male
Mexico,2000,Male,48933194.0,48949.981077750206,0.0002245327811207,100.03430611488433,1.0579784898997795,1.1393614506613008,1.2207444114228225,4.8,14.6,34.6,20.5,19.2,Mexico_2000_Male
Mexico,2001,Male,49576541.0,50872.55270129927,0.0002323898821668,102.61416322147055,1.0579784898997795,1.1393614506613008,1.2207444114228225,4.8,15.06,35.0,,,Mexico_2001_Male
Mexico,2002,Male,50256500.0,52856.27844746903,0.0002403038566607,105.17301930589879,1.0579784898997795,1.1393614506613008,1.2207444114228225,4.8,15.51,35.3,23.7,,Mexico_2002_Male
Mexico,2003,Male,50919820.0,54801.53548638301,0.0002478966003136,107.62319168917526,1.0579784898997795,1.1393614506613008,1.2207444114228225,4.8,15.95,35.5,,,Mexico_2003_Male
Mexico,2004,Male,51543164.0,56502.861474657686,0.0002542673033877,109.6224156411075,1.0579784898997795,1.1393614506613008,1.2207444114228225,4.8,16.37,35.6,,,Mexico_2004_Male
Mexico,2005,Male,52152554.0,58212.06167075776,0.0002604789608825,111.61881289794121,1.0579784898997795,1.1393614506613008,1.2207444114228225,4.8,16.77,35.8,,23.7,Mexico_2005_Male
Mexico,2006,Male,52807568.0,59714.852937857046,0.0002659142504163,113.08010423403147,1.0579784898997795,1.1393614506613008,1.2207444114228225,4.8,17.15,35.9,21.6,24.2,Mexico_2006_Male
Mexico,2007,Male,53532742.0,61327.6960887169,0.0002720834843446,114.56109625155554,1.0579784898997795,1.1393614506613008,1.2207444114228225,4.8,17.49,36.0,,,Mexico_2007_Male
Mexico,2008,Male,54344847.0,63226.715439011874,0.0002794579720707,116.34353380185591,1.0579784898997795,1.1393614506613008,1.2207444114228225,4.8,17.76,36.0,16.0,,Mexico_2008_Male
Mexico,2009,Male,55219029.0,64933.51131449512,0.0002845461806067,117.59263516657477,1.0579784898997795,1.1393614506613008,1.2207444114228225,4.8,17.96,36.0,11.8,,Mexico_2009_Male
Mexico,2010,Male,56087296.0,67260.16010580501,0.0002937235148373,119.92048984819131,1.0579784898997795,1.1393614506613008,1.2207444114228225,4.8,18.07,35.9,,,Mexico_2010_Male
Mexico,2011,Male,56940016.0,69161.5925109742,0.0002992639956076,121.46394990646682,1.0579784898997795,1.1393614506613008,1.2207444114228225,4.8,18.05,35.7,15.5,,Mexico_2011_Male
Mexico,2012,Male,57750657.0,71214.80189366617,0.0003050695527662,123.31427137472421,1.0579784898997795,1.1393614506613008,1.2207444114228225,4.8,17.89,35.4,,26.8,Mexico_2012_Male
Mexico,2013,Male,58515422.0,73445.46390942916,0.0003117457137007,125.51471287249568,1.0579784898997795,1.1393614506613008,1.2207444114228225,4.7,17.6,35.0,,,Mexico_2013_Male
Mexico,2014,Male,59237019.0,75702.38434836695,0.0003195386123003,127.79573588665384,1.0579784898997795,1.1393614506613008,1.2207444114228225,4.7,17.21,34.7,,,Mexico_2014_Male
Mexico,2015,Male,59896137.0,78174.83775506417,0.0003272028828614,130.51732827955863,1.0579784898997795,1.1393614506613008,1.2207444114228225,4.7,16.75,34.3,11.9,,Mexico_2015_Male
Mexico,2016,Male,60507080.0,80569.15278003662,0.0003363698115016,133.1565707352538,1.0579784898997795,1.1393614506613008,1.2207444114228225,4.7,16.24,33.9,10.0,27.7,Mexico_2016_Male
Mexico,2017,Male,61102672.0,82942.35486970172,0.0003452970654067,135.74259873561948,1.0579784898997795,1.1393614506613008,1.2207444114228225,4.7,15.72,33.5,,,Mexico_2017_Male
Mexico,2018,Male,61709453.0,85350.49224319776,0.0003551843782408,138.31023950771004,1.0579784898997795,1.1393614506613008,1.2207444114228225,4.7,15.19,33.1,12.5,30.5,Mexico_2018_Male
Costa Rica,2000,Male,1964204.3,2854.0218908593693,0.0003686550033352,145.3016822567474,1.0579784898997795,1.1393614506613008,1.2207444114228225,4.9,7.84,34.8,18.7,,Costa Rica_2000_Male
Costa Rica,2001,Male,2001007.7,2923.227106406083,0.0003722640838502,146.08774900796647,1.0579784898997795,1.1393614506613008,1.2207444114228225,4.9,8.21,35.1,,,Costa Rica_2001_Male
Costa Rica,2002,Male,2034527.7,2974.7381085065776,0.0003753075292067,146.21271111258784,1.0579784898997795,1.1393614506613008,1.2207444114228225,4.9,8.62,35.3,,,Costa Rica_2002_Male
Costa Rica,2003,Male,2067464.9,3017.392648688961,0.000376743531282,145.9464994394324,1.0579784898997795,1.1393614506613008,1.2207444114228225,4.9,9.08,35.5,,,Costa Rica_2003_Male
Costa Rica,2004,Male,2099829.6,3065.782095467392,0.0003822496056076,146.00147057015445,1.0579784898997795,1.1393614506613008,1.2207444114228225,4.9,9.59,35.8,,,Costa Rica_2004_Male
Costa Rica,2005,Male,2131573.2,3089.658285657198,0.0003773713658993,144.94732274064987,1.0579784898997795,1.1393614506613008,1.2207444114228225,4.9,10.15,36.0,,,Costa Rica_2005_Male
Costa Rica,2006,Male,2163195.7,3126.3122449375232,0.0003825516929558,144.52285777646114,1.0579784898997795,1.1393614506613008,1.2207444114228225,4.9,10.77,36.2,23.0,,Costa Rica_2006_Male
Costa Rica,2007,Male,2195621.3,3148.1146577167065,0.0003830543204458,143.38149560293968,1.0579784898997795,1.1393614506613008,1.2207444114228225,4.9,11.44,36.4,22.1,,Costa Rica_2007_Male
Costa Rica,2008,Male,2227880.9,3156.4508877744165,0.0003805597363559,141.67951652058318,1.0579784898997795,1.1393614506613008,1.2207444114228225,4.9,12.15,36.5,21.2,,Costa Rica_2008_Male
Costa Rica,2009,Male,2258317.7,3154.558505460496,0.0003766456802946,139.68621445337365,1.0579784898997795,1.1393614506613008,1.2207444114228225,4.9,12.91,36.6,20.3,,Costa Rica_2009_Male
Costa Rica,2010,Male,2288348.2,3191.943395565955,0.0003721992418448,139.48678769978952,1.0579784898997795,1.1393614506613008,1.2207444114228225,4.9,13.71,36.7,19.4,,Costa Rica_2010_Male
Costa Rica,2011,Male,2319942.3,3214.9655413639903,0.0003749777715203,138.57954748977983,1.0579784898997795,1.1393614506613008,1.2207444114228225,4.8,14.53,36.7,18.7,,Costa Rica_2011_Male
Costa Rica,2012,Male,2350681.3,3246.6072793764843,0.0003732307872602,138.1134601009709,1.0579784898997795,1.1393614506613008,1.2207444114228225,4.8,15.35,36.7,18.1,,Costa Rica_2012_Male
Costa Rica,2013,Male,2380437.0,3275.032684046388,0.0003686268619872,137.58115354644497,1.0579784898997795,1.1393614506613008,1.2207444114228225,4.8,16.16,36.6,17.4,,Costa Rica_2013_Male
Costa Rica,2014,Male,2409931.4,3327.352798579278,0.0003757389369228,138.0683615549919,1.0579784898997795,1.1393614506613008,1.2207444114228225,4.8,16.96,36.4,16.8,25.3,Costa Rica_2014_Male
Costa Rica,2015,Male,2438167.5,3378.833660775437,0.0003759300563681,138.5808670148969,1.0579784898997795,1.1393614506613008,1.2207444114228225,4.8,17.73,36.3,16.1,,Costa Rica_2015_Male
Costa Rica,2016,Male,2465310.2,3433.556648131038,0.0003765835636525,139.27483235704122,1.0579784898997795,1.1393614506613008,1.2207444114228225,4.8,18.49,36.2,15.3,,Costa Rica_2016_Male
Costa Rica,2017,Male,2490695.8,3490.634612681122,0.0003826841036411,140.14696667016187,1.0579784898997795,1.1393614506613008,1.2207444114228225,4.7,19.24,36.1,14.5,,Costa Rica_2017_Male
Costa Rica,2018,Male,2514429.8,3547.746109382954,0.0003866089087948,141.09545270991276,1.0579784898997795,1.1393614506613008,1.2207444114228225,4.7,19.99,36.1,13.8,26.9,Costa Rica_2018_Male
